-- phpMyAdmin SQL Dump
-- version 5.0.3
-- https://www.phpmyadmin.net/
--
-- Host: 127.0.0.1
-- Generation Time: Mar 23, 2021 at 04:49 PM
-- Server version: 10.4.14-MariaDB
-- PHP Version: 7.2.34

SET SQL_MODE = "NO_AUTO_VALUE_ON_ZERO";
START TRANSACTION;
SET time_zone = "+00:00";


/*!40101 SET @OLD_CHARACTER_SET_CLIENT=@@CHARACTER_SET_CLIENT */;
/*!40101 SET @OLD_CHARACTER_SET_RESULTS=@@CHARACTER_SET_RESULTS */;
/*!40101 SET @OLD_COLLATION_CONNECTION=@@COLLATION_CONNECTION */;
/*!40101 SET NAMES utf8mb4 */;

--
-- Database: `clorify`
--

-- --------------------------------------------------------

--
-- Table structure for table `chat_record`
--

CREATE TABLE `chat_record` (
  `id` int(11) NOT NULL,
  `channel_id` varchar(20) NOT NULL,
  `owner_id` varchar(20) NOT NULL,
  `user_id` varchar(20) NOT NULL,
  `text` varchar(999) NOT NULL,
  `date` varchar(24) NOT NULL
) ENGINE=InnoDB DEFAULT CHARSET=utf8mb4;

-- --------------------------------------------------------

--
-- Table structure for table `counter`
--

CREATE TABLE `counter` (
  `id` int(11) NOT NULL,
  `guild_id` varchar(20) NOT NULL,
  `channel_id` varchar(20) NOT NULL,
  `type` int(11) NOT NULL
) ENGINE=InnoDB DEFAULT CHARSET=utf8mb4;

--
-- Dumping data for table `counter`
--

INSERT INTO `counter` (`id`, `guild_id`, `channel_id`, `type`) VALUES
(42, '738477470717706340', '787757559749804033', 1),
(43, '738477470717706340', '787757591475912714', 2),
(44, '738477470717706340', '787757608894595082', 3),
(45, '738477470717706340', '787757684442005548', 5),
(46, '738477470717706340', '787757701877858335', 4),
(47, '786693889045299220', '789625270097281034', 2),
(48, '786693889045299220', '789625289080307722', 3),
(49, '786693889045299220', '789625315634708491', 1),
(50, '786693889045299220', '789625338333626408', 4),
(51, '786693889045299220', '789625487634202636', 5);

-- --------------------------------------------------------

--
-- Table structure for table `counter_category`
--

CREATE TABLE `counter_category` (
  `guild_id` varchar(20) NOT NULL,
  `channel_id` varchar(20) NOT NULL,
  `where_accessed_command` varchar(20) NOT NULL
) ENGINE=InnoDB DEFAULT CHARSET=utf8mb4;

--
-- Dumping data for table `counter_category`
--

INSERT INTO `counter_category` (`guild_id`, `channel_id`, `where_accessed_command`) VALUES
('738477470717706340', '787757557573091329', '738771241191735306'),
('786693889045299220', '789625267181453322', '786693889045299223');

-- --------------------------------------------------------

--
-- Table structure for table `error_logs`
--

CREATE TABLE `error_logs` (
  `id` int(11) NOT NULL,
  `message_id` varchar(20) NOT NULL,
  `reported_member_id` varchar(20) NOT NULL,
  `problem_by_cmd` varchar(20) NOT NULL
) ENGINE=InnoDB DEFAULT CHARSET=utf8mb4;

-- --------------------------------------------------------

--
-- Table structure for table `guilds`
--

CREATE TABLE `guilds` (
  `guild_id` varchar(20) NOT NULL,
  `total_writes` int(11) NOT NULL DEFAULT 0
) ENGINE=InnoDB DEFAULT CHARSET=utf8mb4;

--
-- Dumping data for table `guilds`
--

INSERT INTO `guilds` (`guild_id`, `total_writes`) VALUES
('400663993624297495', 0),
('497753416546648106', 0),
('524287108073127947', 0),
('529704539474100282', 0),
('530093791374475274', 0),
('543420624949739530', 0),
('581554106729234442', 5),
('608811260674441217', 0),
('634825697235304449', 0),
('651859324502671370', 0),
('657989767006519332', 0),
('666702994234146847', 0),
('667117462533177374', 0),
('667854017967292426', 0),
('727872885909356556', 0),
('730170593043021854', 0),
('731556318636408964', 0),
('738477470717706340', 159),
('754490641744134274', 0),
('767354439249166367', 0),
('767450157036863578', 0),
('770401670366494802', 0),
('771005635613294623', 0),
('771714485575876618', 0),
('771759454667669515', 0),
('771820155260108841', 0),
('776489891164323856', 0),
('776546562792620104', 0),
('776841671982710825', 0),
('778187805452271617', 17),
('778277509540216843', 394),
('780811484497313814', 0),
('780825625245646860', 0),
('781075132902539284', 0),
('785741289257041962', 1732),
('786244802236776468', 98),
('786693889045299220', 1658),
('789459718716260362', 0),
('793108213716615169', 109),
('793859914585735198', 0);

-- --------------------------------------------------------

--
-- Table structure for table `settings`
--

CREATE TABLE `settings` (
  `access_token` varchar(500) NOT NULL,
  `refresh_token` varchar(500) NOT NULL,
  `scope` varchar(100) NOT NULL,
  `token_type` varchar(50) NOT NULL,
  `expiry_date` varchar(20) NOT NULL
) ENGINE=InnoDB DEFAULT CHARSET=utf8mb4;

--
-- Dumping data for table `settings`
--

INSERT INTO `settings` (`access_token`, `refresh_token`, `scope`, `token_type`, `expiry_date`) VALUES
('ya29.a0AfH6SMC5IWzLmgjCjLPAUCPXOtmq4BNfCSYAs2dBmhqI2x4YCj8ehkzyjy-aKrUOoegW9Rei5snMoefhM7-oQpGJ1NGYiBj1i2S_Cy2GWm6RGaDDWputfCUhxAWfcaX7UK6dQYQ6DllFQnzgdLoeOKPizH0NcSf0qiFdYuu_xdY', '1//09RMgZYwlXmuQCgYIARAAGAkSNwF-L9Ir9jNIK0P8osXadW16wbFG8gO22gzLsbyBEBV0ZtfiEOh5t1IomnwzWIzvXPCoIRKCeaE', 'https://www.googleapis.com/auth/youtube https://www.googleapis.com/auth/youtube.readonly', 'Bearer', '1608731293647');

-- --------------------------------------------------------

--
-- Table structure for table `users`
--

CREATE TABLE `users` (
  `user_id` varchar(20) NOT NULL,
  `last_name` varchar(50) NOT NULL,
  `premium` int(11) NOT NULL DEFAULT 0,
  `coins` int(11) NOT NULL DEFAULT 0,
  `coins_in_bank` int(11) NOT NULL DEFAULT 0,
  `daily_coins_timestamp` varchar(20) NOT NULL DEFAULT '0',
  `daily_claimed` int(11) NOT NULL DEFAULT 0,
  `online_seconds` int(11) NOT NULL DEFAULT 0,
  `dnd_seconds` int(11) NOT NULL DEFAULT 0,
  `idle_seconds` int(11) NOT NULL DEFAULT 0,
  `coins_rob_timestamp` varchar(20) NOT NULL DEFAULT '0'
) ENGINE=InnoDB DEFAULT CHARSET=utf8mb4;

--
-- Dumping data for table `users`
--

INSERT INTO `users` (`user_id`, `last_name`, `premium`, `coins`, `coins_in_bank`, `daily_coins_timestamp`, `daily_claimed`, `online_seconds`, `dnd_seconds`, `idle_seconds`, `coins_rob_timestamp`) VALUES
('218808258205450240', 'DoomOfEmpireᵒˢ#5821', 0, 0, 0, '0', 0, 0, 127634, 0, '0'),
('218972734435098634', 'roby1#4016', 0, 0, 0, '0', 0, 0, 121101, 0, '0'),
('223749937043734528', 'EnderIce2#6014', 0, 0, 0, '0', 0, 0, 0, 0, '0'),
('241797979390869506', 'Alex.#8502', 0, 0, 0, '0', 0, 0, 0, 0, '0'),
('247019477508685825', 'INV#9869', 0, 0, 0, '0', 0, 0, 0, 0, '0'),
('251768796656828416', 'Nogiogo#5412', 0, 0, 0, '0', 0, 5, 56112, 2, '0'),
('251972029312532480', 'eX Scrooby#8692', 0, 0, 0, '0', 0, 0, 0, 0, '0'),
('260698556451651584', 'Zeme#4380', 0, 0, 0, '0', 0, 0, 0, 5570, '0'),
('261123910114869248', 'Olivian#5945', 0, 0, 0, '0', 0, 0, 54761, 0, '0'),
('261226312104935424', 'F V K E#3602', 0, 0, 0, '0', 0, 0, 0, 0, '0'),
('261856307202490368', 'altmars#5351', 0, 0, 0, '0', 0, 0, 67270, 0, '0'),
('267211891280052234', 'Fat aByss#3130', 0, 0, 0, '0', 0, 390, 0, 0, '0'),
('269441827579494400', 'Evo#6235', 0, 0, 0, '0', 0, 0, 0, 0, '0'),
('270205230564507648', 'Marian#4425', 0, 0, 0, '0', 0, 0, 390, 0, '0'),
('276025493931950081', 'Taner#6609', 0, 0, 0, '0', 0, 0, 0, 0, '0'),
('278288022296985600', 'michiᴷᴼᴵ 💞#0011', 1, 2137513922, 0, '1607757881', 1, 115911, 3, 23467, '0'),
('278893276214460416', 'Marar#4467', 0, 0, 0, '0', 0, 390, 0, 0, '0'),
('282888375818649600', 'Raymond112#7381', 0, 0, 0, '0', 0, 0, 25179, 0, '0'),
('284257651985088512', 'Hooman_021#1111', 0, 0, 0, '0', 0, 23975, 0, 14904, '0'),
('285005545247604737', 'Dragonell960#4310', 0, 0, 0, '0', 0, 0, 0, 0, '0'),
('285017220474732546', 'Maria.#6458', 0, 0, 0, '0', 0, 0, 1917, 0, '0'),
('286545238539894804', '🌺日本のジュニア。🌺#9374', 0, 0, 0, '0', 0, 1711, 79789, 0, '0'),
('287214117625004033', '.Teo on 144hz#5500', 0, 0, 0, '0', 0, 0, 73427, 0, '0'),
('290072034128560129', 'El Patron#3042', 0, 0, 0, '0', 0, 0, 0, 0, '0'),
('303639225994182666', 'Denisa Maria#4748', 0, 0, 0, '0', 0, 8623, 390, 0, '0'),
('305313115606876161', 'Caius#4919', 0, 0, 0, '0', 0, 0, 390, 0, '0'),
('308635811631464450', 'TheNoNameBoi#0450', 0, 0, 0, '0', 0, 143242, 0, 2663, '0'),
('309333602129281027', 'm0untainϟᴬᴰᴿ#9999', 0, 8971506, 0, '1607780856', 1, 0, 170259, 0, '0'),
('310095478274654208', '˚₊·͟͟͞ℝ𝕖𝕕𝕦𝕥⸙ᴮᴰ#5488', 0, 0, 0, '0', 0, 0, 390, 0, '0'),
('310462391467114497', 'mihai#5099', 0, 500, 0, '1608413737', 1, 0, 10017, 0, '0'),
('312109417849946115', 'Ҡăisuṭ#3830', 0, 0, 0, '0', 0, 0, 390, 0, '0'),
('313319279447769088', 'TheLike#0367', 0, 0, 0, '0', 0, 0, 0, 0, '0'),
('314472695863705611', 'UPNEXTCRS#1827', 0, 0, 0, '0', 0, 0, 0, 0, '0'),
('317943978035118093', 'Darius0869#8207', 0, 0, 0, '0', 0, 0, 9621, 0, '0'),
('322726339360587815', 'BloodStoneM#8024', 0, 0, 0, '0', 0, 0, 61922, 0, '0'),
('323016261556502529', 'Radu the gum#8402', 0, 0, 0, '0', 0, 390, 0, 0, '0'),
('324900025249431553', 'KyeSupreme#1168', 0, 0, 0, '0', 0, 390, 0, 0, '0'),
('332858184073084929', 'ștru.dll#2499', 0, 0, 0, '0', 0, 0, 0, 0, '0'),
('334019571868762122', 'Drugs Bunny#9215', 0, 0, 0, '0', 0, 6, 0, 0, '0'),
('334979056095199233', 'ghosty#3900', 1, 3941849, 345719692, '1608411984', 6, 77610, 102156, 10338, '1608275565'),
('336652724760215554', 'sbrfdg#1029', 0, 0, 0, '0', 0, 0, 0, 0, '0'),
('337554549399224331', 'edymotoc#4435', 0, 0, 0, '0', 0, 0, 0, 0, '0'),
('339669634527657985', 'Chirita Cristian#1058', 0, 0, 0, '0', 0, 0, 0, 0, '0'),
('342294580206632960', 'Pure#0409', 0, 0, 0, '0', 0, 5058, 0, 0, '0'),
('345328857450020874', 'castrofel23#4961', 0, 0, 0, '0', 0, 0, 0, 0, '0'),
('346945661255548931', 'ShadowAllex#4849', 0, 0, 0, '0', 0, 0, 79, 0, '0'),
('347807207393329154', '', 0, 0, 0, '0', 0, 0, 0, 0, '0'),
('349178235210301440', 'Kalashnicov. ˢᵗᵃʳ#8181', 1, 6, 0, '1608050733', 1, 36129, 0, 21942, '1607964471'),
('353156916609941505', 'NooNaim#0001', 0, 0, 0, '0', 0, 0, 11870, 117448, '0'),
('364443897059082251', 'jokbuas#3702', 0, 0, 0, '0', 0, 0, 390, 0, '0'),
('365844044057673738', '꧁x✘victor✘x ッ꧂.kirasap#2153', 0, 0, 0, '0', 0, 0, 147824, 390, '0'),
('374795462911197186', '\"𝐈𝐂𝐄 WSPDaniϟ#4169', 0, 0, 0, '0', 0, 390, 0, 0, '0'),
('378141079163371530', 'M0zart#7562', 0, 0, 0, '0', 0, 0, 0, 0, '0'),
('381157684608499732', 'tomita_04#7223', 0, 0, 0, '0', 0, 0, 0, 0, '0'),
('382470088919613440', 'Tico - SKP#7878', 0, 0, 0, '0', 0, 0, 34612, 0, '0'),
('384048392688369674', 'SmooKe[x]#0396', 0, 0, 0, '0', 0, 0, 0, 0, '0'),
('386560022655664138', 'VunkoV4#3522', 0, 0, 0, '0', 0, 0, 390, 0, '0'),
('391883795915079681', 'Valentin69#4369', 0, 0, 0, '0', 0, 0, 0, 0, '0'),
('393704253027516417', 'Bobica#6969', 0, 0, 0, '0', 0, 35772, 0, 486, '0'),
('393790797780090891', 'a n d r i s#0606', 0, 0, 0, '0', 0, 0, 390, 0, '0'),
('395621001393733642', 'crazyrose#9455', 0, 0, 0, '0', 0, 0, 0, 0, '0'),
('396271634710790144', 'Rubiez#4775', 0, 0, 0, '0', 0, 0, 0, 0, '0'),
('396343063775019009', 'Strilex#6280', 0, 0, 0, '0', 0, 0, 0, 0, '0'),
('397704385821540352', 'Zeta#4253', 0, 0, 0, '0', 0, 0, 0, 0, '0'),
('398090284396707842', 'McTudor#3278', 0, 0, 0, '0', 0, 0, 0, 0, '0'),
('398497156819976204', 'Vali11#2474', 0, 0, 0, '0', 0, 0, 0, 0, '0'),
('399238192848699402', 'iRadian7YT#1613', 0, 0, 0, '0', 0, 390, 0, 0, '0'),
('400598329592905748', 'dym#2718', 0, 0, 0, '0', 0, 0, 66, 0, '0'),
('403986654119067648', 'I Empire#8282', 0, 0, 0, '0', 0, 0, 85607, 0, '0'),
('405750069619589120', 'EvilPotato#0958', 0, 0, 0, '0', 0, 0, 0, 0, '0'),
('407826197221998592', 'Mihai#3585', 0, 0, 0, '0', 0, 0, 0, 0, '0'),
('407952444987932682', 'Sniper | Shot#6441', 0, 0, 0, '0', 0, 0, 0, 0, '0'),
('408685395052724224', 'maverick#9614', 0, 0, 0, '0', 0, 0, 0, 0, '0'),
('410172675047161856', 'Johnny#6240', 0, 0, 0, '0', 0, 0, 0, 0, '0'),
('410489962983718922', 'axion#0013', 0, 0, 0, '0', 0, 0, 0, 0, '0'),
('411585428337197058', 'Sebi._.#8276', 0, 0, 0, '0', 0, 0, 0, 0, '0'),
('412204222134616064', 'Deleted User 053d4541#0510', 0, 0, 0, '0', 0, 0, 0, 0, '0'),
('413747522503442432', 'Krassu.ExE#3331', 0, 0, 0, '0', 0, 0, 0, 0, '0'),
('414349330141413376', 'iPredator#9381', 0, 0, 0, '0', 0, 0, 0, 0, '0'),
('415165449983229953', 'CarsonRoseヾ㋭ᵒᵃˢⁱˢ#6700', 0, 0, 0, '0', 0, 0, 86031, 1386, '0'),
('416480618767974402', 'Ciobalste#4797', 0, 0, 0, '0', 0, 0, 0, 0, '0'),
('417703288209801236', 'micsiᴷᴼᴵ#3185', 0, 0, 0, '0', 0, 0, 0, 0, '0'),
('418497078625304577', 'Deleted User 0698s3x7#0208', 0, 0, 0, '0', 0, 0, 0, 0, '0'),
('419548294390218752', 'Ph0eniX#9713', 0, 0, 0, '0', 0, 2128, 0, 0, '0'),
('421439564289277973', 'コルヌ#3273', 0, 0, 0, '0', 0, 0, 137580, 0, '0'),
('422400760743985154', 'derkcat#8658', 0, 0, 0, '0', 0, 0, 0, 0, '0'),
('425546694663602186', 'tudor#0803', 0, 0, 0, '0', 0, 191, 133940, 0, '0'),
('427060165813207041', 'StefanSiCeva#9849', 0, 0, 0, '0', 0, 0, 0, 0, '0'),
('427061958332776459', 'Adam.#9821', 0, 0, 0, '0', 0, 0, 390, 0, '0'),
('431118387263832075', 'Mita_OT#2947', 0, 0, 0, '0', 0, 0, 0, 0, '0'),
('432126426074972172', 'Andrei Gogu#4801', 0, 0, 0, '0', 0, 390, 0, 0, '0'),
('432469630876123137', 'Feri#9781', 0, 0, 0, '0', 0, 94221, 0, 50506, '0'),
('434358293331181579', 'MysterCiastek#5704', 0, 0, 0, '0', 0, 0, 390, 0, '0'),
('437633257513811971', 'stefanr#0079', 0, 0, 0, '0', 0, 0, 0, 0, '0'),
('438778901213347841', 'GenesisTitanᴮᴰ#6669', 0, 0, 0, '0', 0, 0, 0, 390, '0'),
('441224269209403392', 'Sergiu#5184', 0, 0, 0, '0', 0, 0, 0, 0, '0'),
('448501018179928084', 'ciovaslc75#0216', 0, 0, 0, '0', 0, 0, 0, 0, '0'),
('451452271616851968', 'mariankan1525#8517', 0, 0, 0, '0', 0, 0, 0, 0, '0'),
('452521290683777025', 'MOMO#8804', 0, 0, 0, '0', 0, 0, 1926, 0, '0'),
('456736793916735491', 'dennys#7515', 0, 0, 0, '0', 0, 0, 0, 0, '0'),
('457890637744701441', 'MacCᴷᴼᴵ#0110', 0, 0, 0, '0', 0, 0, 145532, 0, '0'),
('459634543809265694', 'gabitzu_blitzu#5972', 0, 0, 0, '0', 0, 0, 0, 0, '0'),
('460091825600987137', 'Seebby#3890', 0, 0, 0, '0', 0, 0, 0, 0, '0'),
('460697246812602398', 'Mădaucuparapantapepizdamatii#6373', 0, 0, 0, '0', 0, 0, 0, 0, '0'),
('463637825192067072', '᲼᲼᲼᲼#1006', 0, 0, 0, '0', 0, 0, 390, 0, '0'),
('465504899694723085', 'Mita099#6347', 0, 0, 0, '0', 0, 0, 0, 0, '0'),
('465844492512264195', 'MariaN#5259', 0, 0, 0, '0', 0, 0, 0, 0, '0'),
('467671322369982484', 'ADEMKILLER222#1356', 0, 0, 0, '0', 0, 352, 0, 0, '0'),
('470244462799486989', 'Meldo#6023', 0, 0, 0, '0', 0, 151274, 0, 1597, '0'),
('470582179710107667', 'Francesco#6040', 0, 0, 0, '0', 0, 0, 0, 0, '0'),
('470606896202514432', 'Pais#1443', 0, 0, 0, '0', 0, 0, 64610, 0, '0'),
('471553834645454868', 'Dragos_20#6793', 0, 0, 0, '0', 0, 0, 390, 0, '0'),
('471734354897272882', 'qDvdFTW#5020', 0, 0, 0, '0', 0, 0, 0, 0, '0'),
('472731638762176512', 'Kataki#4891', 0, 0, 0, '0', 0, 98223, 0, 32693, '0'),
('474741380783276045', 'Cata.csgo#3414', 0, 0, 0, '0', 0, 0, 0, 0, '0'),
('474812627579568129', 'NeoN GVLᴿᴮ#5969', 0, 0, 0, '0', 0, 0, 5178, 0, '0'),
('475054876863234079', 'c0rsair-进嘴里❌#0727', 0, 0, 0, '0', 0, 0, 0, 0, '0'),
('475329874819547137', 'Barboss24#9133', 0, 0, 0, '0', 0, 285, 0, 0, '0'),
('476074293197930516', '♔ᓵᒷ★†₱LM†★๖̶̶̶ζ͜͡Bæçæ1234★ᒷ∷♔#9792', 0, 0, 0, '0', 0, 0, 390, 0, '0'),
('476295815749697538', 'Joshua❦Vykthor#3575', 0, 0, 0, '0', 0, 168187, 0, 781, '0'),
('476380367163621386', '★𝓢𝓮𝓫𝔂★#5017', 0, 0, 0, '0', 0, 390, 0, 0, '0'),
('477451492127670272', 'gugal47#5411', 0, 0, 0, '0', 0, 0, 0, 0, '0'),
('478431207168933888', 'narcos#8676', 0, 0, 0, '0', 0, 0, 0, 0, '0'),
('478620522830364674', '19098 /V12 Plane#4699', 0, 0, 0, '0', 0, 0, 0, 0, '0'),
('479730288466067486', 'FlaviuT21#9578', 0, 0, 0, '0', 0, 0, 0, 0, '0'),
('480269139274104843', 'RolexDAB#7777', 0, 0, 0, '0', 0, 0, 390, 0, '0'),
('480291078579421194', '平古MINGU#5456', 0, 0, 0, '0', 0, 0, 0, 0, '0'),
('482228940426182666', '[kN]Madalin#8663', 0, 0, 0, '0', 0, 0, 0, 0, '0'),
('483729356728958986', '『ᵒˢ』| 𝕂 𝔸 ℝ 𝕄 𝔸 | ʰᵀᵉ#6969', 0, 0, 0, '0', 0, 13206, 63022, 0, '0'),
('484988413901012993', 'alexandrul#2185', 0, 0, 0, '0', 0, 129227, 390, 19124, '0'),
('486253080342691840', 'Kent#4436', 0, 0, 0, '0', 0, 0, 0, 0, '0'),
('489044334436417536', 'サ Valy#0001', 0, 0, 0, '0', 0, 0, 1285, 0, '0'),
('491291215455584276', 'MasTer#4126', 0, 0, 0, '0', 0, 0, 390, 0, '0'),
('497884619970969651', 'Fire_And_Watter#1178', 0, 0, 0, '0', 0, 0, 1180, 0, '0'),
('498820140348080128', 'Caligratul#7971', 0, 0, 0, '0', 0, 0, 331, 0, '0'),
('504281732934270976', 'Sifonaș#5203', 0, 0, 0, '0', 0, 0, 0, 0, '0'),
('505807465561194498', 'Ratatata#9972', 0, 0, 0, '0', 0, 390, 0, 0, '0'),
('506161292403539988', 'Seby cu i#0734', 0, 0, 0, '0', 0, 158247, 0, 12763, '0'),
('506806888646574080', 'Cata#1283', 0, 0, 0, '0', 0, 0, 0, 0, '0'),
('509069110647193601', 'Zolteanu#5656', 0, 0, 0, '0', 0, 0, 0, 0, '0'),
('509410045570580490', 'Sebi.#0581', 0, 0, 0, '0', 0, 0, 390, 0, '0'),
('510448696408670229', 'Casianᵒˢ#5999', 0, 0, 0, '0', 0, 0, 0, 95822, '0'),
('510534494722195457', 'J ឵឵#6305', 0, 0, 0, '0', 0, 0, 0, 0, '0'),
('510838427835695114', 'U Are So Fucking Dumb#6614', 0, 0, 0, '0', 0, 0, 0, 110766, '0'),
('510838782468030467', 'George20008#8696', 0, 0, 0, '0', 0, 0, 0, 0, '0'),
('512344243944030208', '❤Rafael❤#8871', 0, 0, 0, '0', 0, 0, 0, 0, '0'),
('513786527969443840', 'bandana/neagra#7442', 0, 0, 0, '0', 0, 0, 0, 0, '0'),
('514102755279765504', 'BURGER#4789', 0, 0, 0, '0', 0, 0, 0, 0, '0'),
('518164559077572608', 'Coisor#6294', 0, 0, 0, '0', 0, 0, 0, 0, '0'),
('518483644268937216', 'sugar mama#2863', 0, 0, 0, '0', 0, 0, 79, 0, '0'),
('519939085511688193', 'MeLLoNN.#2934', 0, 0, 0, '0', 0, 0, 0, 0, '0'),
('521116537982287892', 'Rebecca❤#8323', 0, 0, 0, '0', 0, 0, 0, 0, '0'),
('521366720724598785', '✪ Mario#0226', 0, 0, 0, '0', 0, 0, 0, 0, '0'),
('522480637953835009', '⥌ ᵀˢ 👑 ᴷᴼᴵ | Alin#1539', 1, 0, 7, '1607942099', 1, 30765, 30122, 411, '1607855878'),
('524286014856888344', 'Ttv David_m122#3434', 0, 0, 0, '0', 0, 0, 0, 0, '0'),
('524676928167346187', 'claudiu#1691', 0, 0, 0, '0', 0, 0, 0, 0, '0'),
('525661969450008594', 'BrianMaikol#9238', 0, 0, 0, '0', 0, 0, 0, 0, '0'),
('525685866186932235', 'lunacln#1964', 0, 0, 0, '0', 0, 0, 0, 0, '0'),
('527946378580721694', 'Cezar27#4124', 0, 0, 0, '0', 0, 0, 0, 0, '0'),
('528334452250640404', 'BlitzBowie㋡#2789', 0, 0, 0, '0', 0, 0, 0, 0, '0'),
('529576446235246604', 'Timo.#6799', 0, 0, 0, '0', 0, 0, 0, 0, '0'),
('530413065234153472', 'Fizz43#2297', 0, 0, 0, '0', 0, 0, 0, 0, '0'),
('531177269524299792', 'serban#6294', 0, 0, 0, '0', 0, 0, 79, 0, '0'),
('531186293670019094', 'White Jocker#9199', 0, 0, 0, '0', 0, 0, 0, 0, '0'),
('531480980037566475', 'T0Mike#4486', 0, 0, 0, '0', 0, 0, 0, 0, '0'),
('531550978370043904', 'norbert#8528', 0, 0, 0, '0', 0, 130118, 390, 728, '0'),
('531726723381854208', '-NeXoN-#2427', 0, 0, 0, '0', 0, 1479, 144924, 864, '0'),
('532684200244019200', 'AndreiDsc#2868', 0, 0, 0, '0', 0, 0, 0, 0, '0'),
('533030045397286922', 'SleaZZy#1998', 0, 0, 0, '0', 0, 0, 0, 0, '0'),
('533955859366281226', '╰☆endre cna☆╮#2372', 0, 0, 0, '0', 0, 0, 73602, 0, '0'),
('535792089451986944', 'ED_Matei200CAP#4469', 0, 0, 0, '0', 0, 0, 0, 0, '0'),
('539515491119792158', 'ceanchi21#3483', 0, 0, 0, '0', 0, 0, 0, 0, '0'),
('539837568104136707', 'Stexan#7694', 0, 0, 0, '0', 0, 0, 390, 0, '0'),
('540612480641138708', 'SwainC#5796', 0, 0, 0, '0', 0, 0, 0, 0, '0'),
('540910562264088589', 'Ueid12#3997', 0, 0, 0, '0', 0, 0, 0, 0, '0'),
('541197367433625611', 'cOISMI#6725', 0, 0, 0, '0', 0, 0, 390, 0, '0'),
('542034580379795467', 'imungureanu#9806', 0, 0, 0, '0', 0, 0, 0, 0, '0'),
('542759314247516170', 'aurrel#0960', 0, 0, 0, '0', 0, 78, 0, 0, '0'),
('543352404427538432', '🔱๖̶̶̶ζ͜͡Spinti༆ﾉᴰᵘᶜᵏ#6969', 0, 0, 0, '0', 0, 0, 113792, 0, '0'),
('543757256899166211', 'xXFabiYTBXx#7613', 0, 0, 0, '0', 0, 0, 0, 0, '0'),
('544948500933246976', 'Sebi Andrᴷˣ𝓢𝓝#1921', 0, 0, 0, '0', 0, 0, 0, 0, '0'),
('545239680497614848', 'BATMAN#4068', 0, 0, 0, '0', 0, 0, 0, 0, '0'),
('545962379612127275', 'andreig151107#8116', 0, 0, 0, '0', 0, 131786, 0, 296, '0'),
('546699162075398175', 'CR1STY206#5985', 0, 0, 0, '0', 0, 0, 0, 390, '0'),
('547374849555824650', '✯ 🔥BlondUwU✘🔥✯#3861', 0, 0, 0, '0', 0, 0, 390, 0, '0'),
('549252150501310494', 'maoneza__323#7099', 0, 0, 0, '0', 0, 0, 0, 0, '0'),
('551294403990388746', 'sweshy fumatツ#7777', 0, 0, 0, '0', 0, 162889, 7961, 498, '0'),
('552555529789243397', 'Deni#0166', 0, 0, 0, '0', 0, 0, 0, 0, '0'),
('552916567159996420', '⊵𝕆ℤℕ⊴ Eli†e Vol†aikツ#1588', 0, 0, 0, '0', 0, 0, 0, 0, '0'),
('553626974380097676', 'IHASﾉ ᴴᴵᴳᴴ#6969', 0, 0, 0, '0', 0, 0, 0, 0, '0'),
('555628523650285599', 'Additional111#9416', 0, 0, 0, '0', 0, 0, 0, 0, '0'),
('560392752131735562', 'BRUH#6674', 0, 0, 0, '0', 0, 38901, 0, 169, '0'),
('564024682701914132', 'NxS Robika#3996', 0, 0, 0, '0', 0, 0, 57690, 0, '0'),
('566287610297843722', 'LaurentiuYTB#5221', 0, 0, 0, '0', 0, 0, 0, 0, '0'),
('569464958979538944', 'holograph.#7510', 0, 0, 0, '0', 0, 0, 0, 0, '0'),
('572035779732439050', 'Darkness_=|os#6662', 0, 0, 0, '0', 0, 0, 390, 0, '0'),
('572370528887898112', 'tudor 29#3387', 0, 0, 0, '0', 0, 0, 0, 0, '0'),
('573240895055593482', 'Raymond#5016', 0, 0, 0, '0', 0, 74892, 0, 4502, '0'),
('576379053133791232', 'liglock.exe 8586 RocketRR.ro#1139', 0, 0, 0, '0', 0, 0, 390, 0, '0'),
('576462891239211020', 'Danet14#9579', 0, 0, 0, '0', 0, 0, 0, 0, '0'),
('576521734782582805', 'Fabian#5792', 0, 0, 0, '0', 0, 0, 0, 0, '0'),
('578201214332960779', 'Aquario.#0525', 0, 0, 0, '0', 0, 0, 390, 0, '0'),
('579293231699722251', 'Flex#7048', 0, 0, 0, '0', 0, 0, 218, 0, '0'),
('581188770171191297', 'AndREW#8386', 0, 0, 0, '0', 0, 0, 0, 0, '0'),
('581194734136197122', 'Emese#3989', 0, 0, 0, '0', 0, 0, 0, 0, '0'),
('581901522795888681', '[CH-64020]👮🚔Rexiz2006🚔👮#3275', 0, 0, 0, '0', 0, 456, 177691, 0, '0'),
('582906373294260224', 'ﾉGL †★๖̶̶̶ζ͜͡Bæçæ★#4179', 0, 0, 0, '0', 0, 0, 0, 0, '0'),
('583388089091620864', 'Zine#0001', 0, 0, 0, '0', 0, 0, 80708, 0, '0'),
('584352641048641577', 'Mircea#4992', 0, 0, 0, '0', 0, 0, 0, 0, '0'),
('585962536915042335', 'Kalashnicov.#8138', 0, 0, 0, '0', 0, 0, 0, 0, '0'),
('591993741032816640', 'ˢᵗᵃʳDragos // BDT ʰᵀᵉ#8669', 0, 0, 0, '0', 0, 0, 186, 0, '0'),
('592649785261948949', 'Soril#4430', 0, 0, 0, '0', 0, 0, 0, 0, '0'),
('593175577402540045', 'SeKo#1215', 0, 0, 0, '0', 0, 0, 0, 0, '0'),
('594184313176588290', '༺PO҉S҉E҉D҉A҉T҉U҉L҉༻ᴬᵏ⁴⁷#5942', 0, 0, 0, '0', 0, 0, 70074, 0, '0'),
('594277461403893791', 'CubE.#5328', 0, 0, 0, '0', 0, 0, 0, 0, '0'),
('596989160011726869', 'Remusxxl[dau la buci]#3202', 0, 0, 0, '0', 0, 0, 0, 0, '0'),
('597100930629894185', '꧁🅥.🅛-🅡🅐🅜🅑🅞꧂#5372', 0, 0, 0, '0', 0, 0, 0, 0, '0'),
('597522169488080896', '\"𝙰𝚋𝚞𝚜𝚎𝚛 zentro gemanaruﾉʐȶʀ 𝕆ℤℕ#0001', 0, 0, 0, '0', 0, 390, 0, 0, '0'),
('597657625446055937', 'タwarlord$Coupiᴬᴸ#1001', 0, 0, 0, '0', 0, 0, 1930, 0, '0'),
('598183774496358411', 'KabooT#7790', 0, 0, 0, '0', 0, 390, 0, 0, '0'),
('598614802750767120', 'Vlad DRG#9088', 0, 0, 0, '0', 0, 0, 0, 0, '0'),
('600250713276284928', 'shiro#9379', 0, 0, 0, '0', 0, 0, 0, 0, '0'),
('602090705602740264', 'driNKII#7015', 0, 0, 0, '0', 0, 0, 14551, 0, '0'),
('604093793746157588', 'SkillzZz.#1882', 0, 0, 0, '0', 0, 0, 0, 0, '0'),
('606149115029618738', 'lolfog#9004', 0, 0, 0, '0', 0, 0, 0, 0, '0'),
('606169152658472960', 'iBogdan#7078', 0, 0, 0, '0', 0, 0, 0, 0, '0'),
('606562626155053066', 'KANO#9419', 0, 0, 0, '0', 0, 0, 0, 0, '0'),
('607939678783537153', 'bandika#4371', 0, 0, 0, '0', 0, 0, 0, 0, '0'),
('609335364339105792', 'sycc#5522', 0, 0, 0, '0', 0, 0, 105168, 0, '0'),
('610147423980879872', 'Marian Gabi#1543', 0, 0, 0, '0', 0, 0, 0, 0, '0'),
('610225707922096168', 'Sekan#0001', 0, 0, 0, '0', 0, 0, 159, 0, '0'),
('614110097307861010', 'dns#2777', 0, 0, 0, '0', 0, 0, 5129, 0, '0'),
('615505925213650944', 'Kalinachoo[VIP]#9441', 0, 0, 0, '0', 0, 0, 0, 0, '0'),
('615631384593039389', 'Adita#9666', 0, 0, 0, '0', 0, 0, 0, 0, '0'),
('616523410138464285', 'fratelecostii#5932', 0, 0, 0, '0', 0, 390, 0, 0, '0'),
('619819456985825312', '♎𝖙𝖍𝖊 𝖌𝖚𝖞 𝖇𝖊𝖍𝖎𝖓𝖉 𝖙𝖍𝖊 𝖔𝖗𝖉𝖊𝖗♎#7327', 0, 0, 0, '0', 0, 0, 0, 0, '0'),
('621010688273416192', 'To m#5644', 0, 0, 0, '0', 0, 0, 0, 0, '0'),
('621284905938190358', 'fazer_david_lider_clan#4814', 0, 0, 0, '0', 0, 0, 0, 0, '0'),
('624537975954341899', 'sunt_ghei#5117', 0, 0, 0, '0', 0, 0, 0, 0, '0'),
('625019659791368202', 'R4zvan_tm#3059', 0, 0, 0, '0', 0, 27248, 0, 0, '0'),
('625274320544989184', 'Blacky9#1633', 0, 0, 0, '0', 0, 0, 0, 0, '0'),
('626416677633916928', 'MariusGames#5463', 0, 0, 0, '0', 0, 0, 294, 0, '0'),
('626474926806925334', 'コルヌ#6727', 0, 0, 0, '0', 0, 0, 0, 0, '0'),
('627483616217268225', 'KILLEr#6722', 1, 2146745607, 0, '1607800391', 1, 56056, 0, 2236, '0'),
('629660009474686976', 'Ancsaaa#5519', 0, 0, 0, '0', 0, 76323, 0, 3567, '0'),
('630306381290799136', 'Bernat_on_WhiteSide#6731', 0, 0, 0, '0', 0, 0, 0, 0, '0'),
('630404673844805632', 'Monti#8594', 0, 0, 0, '0', 0, 18313, 0, 80, '0'),
('630453822514397194', '.Deniss.#8475', 0, 0, 0, '0', 0, 0, 0, 0, '0'),
('631099429105041418', 'Nur Güngör#7532', 0, 0, 0, '0', 0, 0, 29263, 0, '0'),
('631133699559391242', 'KraX#8056', 0, 0, 0, '0', 0, 0, 0, 0, '0'),
('631198821636112384', 'Rolex22#4941', 0, 0, 0, '0', 0, 0, 0, 0, '0'),
('632681583274491906', 'Bruh#3621', 0, 0, 0, '0', 0, 0, 0, 0, '0'),
('635044642009645056', 'contdetest#7405', 0, 0, 0, '0', 0, 0, 0, 0, '0'),
('635376864227098635', 'Raluca Slevit#7150', 0, 0, 0, '0', 0, 0, 0, 0, '0'),
('635425902297219072', 'informați  gamer#2235', 0, 0, 0, '0', 0, 0, 0, 0, '0'),
('637721522546409472', 'Laurentiu123#8036', 0, 0, 0, '0', 0, 0, 0, 0, '0'),
('638084871167803402', 'cojo#6938', 0, 0, 0, '0', 0, 0, 47793, 0, '0'),
('638419559853981706', 'DownMyNordVpn#7466', 0, 0, 0, '0', 0, 0, 0, 0, '0'),
('639518696863432712', 'șerban curcubeu#4134', 0, 0, 0, '0', 0, 0, 0, 0, '0'),
('640079357024534528', 'ShaDoW#2380', 0, 0, 0, '0', 0, 0, 0, 0, '0'),
('640215318693937162', 'GabiRPG#9980', 0, 0, 0, '0', 0, 0, 0, 0, '0'),
('643448853516910594', 'aaaaaaaaaaaaaaaaaaaaa#4137', 0, 0, 0, '0', 0, 0, 32771, 0, '0'),
('644199874597748757', '', 0, 0, 0, '0', 0, 0, 32549, 0, '0'),
('645144930347646977', 'KeNNz#9633', 0, 0, 0, '0', 0, 0, 0, 0, '0'),
('646360329994895360', 'Andreiuș ❤#2280', 0, 0, 0, '0', 0, 0, 0, 0, '0'),
('647515828857602073', 'sosa#1963', 0, 0, 0, '0', 0, 0, 157469, 0, '0'),
('648514214906036233', 'Alexu47#9695', 0, 0, 0, '0', 0, 0, 0, 0, '0'),
('649363807239405614', 'Baci#1873', 0, 0, 0, '0', 0, 0, 0, 0, '0'),
('649676178923192340', 'dragulingabriel#5357', 0, 0, 0, '0', 0, 0, 0, 0, '0'),
('650432481756971011', 'Andreea#9665', 0, 0, 0, '0', 0, 0, 0, 0, '0'),
('650695572944322590', 'Stef#3482', 0, 0, 0, '0', 0, 0, 0, 0, '0'),
('651130236733358080', 'islaurentiutestez#3444', 0, 0, 0, '0', 0, 0, 0, 0, '0'),
('652180746731126797', 'SOLO#3896', 0, 0, 0, '0', 0, 390, 0, 0, '0'),
('654346244982046720', '♥Turbolex♥#6528', 0, 0, 0, '0', 0, 0, 0, 0, '0'),
('654743748793729090', 'Alin#4169', 0, 0, 0, '0', 0, 0, 0, 0, '0'),
('657639776463224843', 'sasuke12#5933', 0, 0, 0, '0', 0, 0, 0, 0, '0'),
('657887673050071050', 'Tudor#4747', 0, 0, 0, '0', 0, 0, 0, 0, '0'),
('659861028540121099', 'Goofy#8146', 0, 0, 0, '0', 0, 0, 0, 0, '0'),
('660439674644463626', '✞𝕓𝕓𝕚𝕒ﾉ𝙸𝚖#6666', 0, 0, 0, '0', 0, 0, 27888, 0, '0'),
('661512459802116098', 'ｴԼᥙSιOɳ#0001', 0, 0, 0, '0', 0, 0, 78769, 0, '0'),
('661955538375933992', 'T1one#2082', 0, 0, 0, '0', 0, 0, 0, 0, '0'),
('661996131848290341', 'Ian 🦅#6046', 0, 0, 0, '0', 0, 0, 0, 0, '0'),
('663397408389988383', '/L€C$#5536', 0, 0, 0, '0', 0, 390, 0, 0, '0'),
('664181287308886042', 'Eperke és barátai fan#0958', 0, 0, 0, '0', 0, 0, 0, 0, '0'),
('664283699415875585', 'SantaGriffin#6039', 0, 0, 0, '0', 0, 0, 0, 0, '0'),
('664960370632556544', 'Razvan.Jr#4094', 0, 0, 0, '0', 0, 0, 0, 0, '0'),
('667702990039285780', 'OLIX ►𝓑𝓝◄#6321', 0, 0, 0, '0', 0, 0, 0, 0, '0'),
('667797710795177995', 'Andrei Gaming#0317', 0, 0, 0, '0', 0, 0, 0, 0, '0'),
('667802385032151089', 'Seby_clapped_you#0956', 0, 0, 0, '0', 0, 0, 1178, 0, '0'),
('669997395316310084', 'Ad3lin7i#2359', 0, 0, 0, '0', 0, 0, 0, 0, '0'),
('670672568327340034', 'SEMY223#9355', 0, 0, 0, '0', 0, 0, 0, 0, '0'),
('670729989947129920', 'Andreea#4693', 0, 0, 0, '0', 0, 0, 0, 0, '0'),
('671027148240453652', 'IonutDaniel71#9563', 0, 0, 0, '0', 0, 0, 0, 0, '0'),
('673494745481478144', 'cata2244#3522', 0, 0, 0, '0', 0, 0, 0, 0, '0'),
('674141812981497893', 'NeWt0N#8562', 0, 0, 0, '0', 0, 0, 0, 0, '0'),
('674621478922092544', 'abell#4659', 0, 0, 0, '0', 0, 0, 0, 0, '0'),
('674660404940636178', 'Kalashnicov. ˢᵗᵃʳ#7978', 0, 0, 0, '0', 0, 0, 0, 0, '0'),
('676834836719206457', 'OdaiCUsefa#2647', 0, 0, 0, '0', 0, 0, 0, 0, '0'),
('677215643744862211', 'Bogdan frx#9189', 0, 0, 0, '0', 0, 0, 0, 0, '0'),
('683030776312233984', 'a l e c s#2196', 0, 0, 0, '0', 0, 131949, 0, 50631, '0'),
('683243633733795850', '丨乃爪#6845', 0, 0, 0, '0', 0, 0, 0, 0, '0'),
('683407668848623664', 'Andreea#5512', 0, 0, 0, '0', 0, 0, 0, 0, '0'),
('684662528202375190', 'Mihaita#4525', 0, 0, 0, '0', 0, 0, 0, 0, '0'),
('687739623241154570', 'TW sKy_nNeT.#1397', 0, 0, 0, '0', 0, 0, 390, 0, '0'),
('688440943363227820', 'Ema Niculae#4798', 0, 0, 0, '0', 0, 0, 0, 0, '0'),
('689104421166383197', 'MissMeli#1853', 0, 0, 0, '0', 0, 0, 0, 0, '0'),
('689874997036187710', 'flying-turtle#8792', 0, 0, 0, '0', 0, 0, 0, 0, '0'),
('690973384942682112', 'GeoSelf#0821', 0, 0, 0, '0', 0, 148525, 1618, 18408, '0'),
('691789880103272509', 'bit titties#4158', 0, 0, 0, '0', 0, 0, 0, 0, '0'),
('692015574775103548', 'alex2fl#8119', 0, 0, 0, '0', 0, 0, 0, 0, '0'),
('692313398612066304', 'KalinachooPuiDeRen#5839', 0, 0, 0, '0', 0, 0, 0, 0, '0'),
('693120401978425434', 'Bogdan GruescuRO#1860', 0, 0, 0, '0', 0, 0, 59718, 0, '0'),
('693564922965131265', 'アレクサス#0469', 0, 0, 0, '0', 0, 0, 0, 0, '0'),
('694153931974246402', 'King3000#6630', 0, 0, 0, '0', 0, 0, 0, 0, '0'),
('694653792209338450', 'oli12#4925', 0, 0, 0, '0', 0, 0, 0, 0, '0'),
('694690044828713030', '\0\0\0P\0\0\0?\0\0\0?\0\0\0?\0\0\0?\0\0\0?\0\0\0?\0\0', 0, 0, 0, '0', 0, 0, 0, 0, '0'),
('694969770566484079', 'Ale Elena#2144', 0, 0, 0, '0', 0, 29403, 0, 2391, '0'),
('695290180336091137', 'Emilo=))#2792', 0, 0, 0, '0', 0, 0, 0, 0, '0'),
('696387468282298461', '✖ᶠᴬᴷᴱCLD✖#9031', 0, 0, 0, '0', 0, 324, 0, 0, '0'),
('697429324126748762', '⥌ ᵀˢ |♕K3[N]z0r♕#1499', 0, 0, 0, '0', 0, 3, 157677, 0, '0'),
('700716945837785149', 'Seby L.#8697', 0, 0, 0, '0', 0, 0, 0, 0, '0'),
('700770932884635731', 'Alecs#3382', 0, 0, 0, '0', 0, 0, 0, 0, '0'),
('701487470398931045', 'Stiffler John Cena#8385', 0, 0, 0, '0', 0, 0, 0, 0, '0'),
('702282980894310511', 'ꁴ♡𝓔𝓵𝓮𝓷𝓪♡ꁴ☃❄🎄#2943', 0, 0, 0, '0', 0, 0, 19551, 0, '0'),
('702297890646786098', '𖤍 𝐃𝐀𝐑𝐘𝐀❤ʳᵏᵗ#6282', 0, 0, 0, '0', 0, 0, 0, 0, '0'),
('702514360656068617', '666dariix#9009', 0, 0, 0, '0', 0, 0, 0, 0, '0'),
('703173745195614329', 'ᶜᵒˣYeezyᵒˢ#2021', 0, 0, 0, '0', 0, 0, 371, 0, '0'),
('703561501826482176', 'larss#0001', 0, 0, 0, '0', 0, 0, 0, 0, '0'),
('705011585575419914', 'MihaitaTryhard#7845', 0, 0, 0, '0', 0, 0, 0, 390, '0'),
('705174539432361994', '\0\0\0?\0\0\0?\0\0\0?\0\0\0?\0\0\0?\0\0\0?\0\0\0?\0\0', 0, 0, 0, '0', 0, 0, 0, 0, '0'),
('705881983909363742', 'Larian#0482', 0, 0, 0, '0', 0, 0, 143834, 0, '0'),
('706248235886575636', '𝒰𝓃𝓀𝓃o𝓌𝓃 ﾉ𝒶𝓀𝒶 𝒫e𝓉𝓇𝓊_#8861', 0, 0, 0, '0', 0, 0, 0, 0, '0'),
('706726726608093196', 'KILLARA#6720', 0, 0, 0, '0', 0, 0, 44909, 0, '0'),
('707507968454819882', 'tiha#1027', 0, 0, 0, '0', 0, 142702, 0, 2672, '0'),
('709326539317182504', '𝙢𝙞𝙧𝙪𝙣𝙖𝙖𝙖🍭#2108', 0, 0, 0, '0', 0, 0, 0, 0, '0'),
('709676405339717674', 'molnár#6757', 0, 0, 0, '0', 0, 3954, 0, 0, '0'),
('709722344347664405', 'Cata#4691', 0, 0, 0, '0', 0, 0, 0, 0, '0'),
('710890027521147002', 'Luisran4#6041', 0, 0, 0, '0', 0, 0, 0, 0, '0'),
('711489952319275058', 'BugsBunny#6860', 0, 0, 0, '0', 0, 75815, 0, 9138, '0'),
('712282275068248115', 'edina_adel#1685', 0, 0, 0, '0', 0, 0, 0, 0, '0'),
('712376861962928128', 'denisa#9868', 0, 0, 0, '0', 0, 0, 3069, 1646, '0'),
('714484989521297428', 'Anonymous_Gamer-YT#0234', 0, 0, 0, '0', 0, 0, 0, 0, '0'),
('715287844066689130', 'ALCAIDA#5841', 0, 0, 0, '0', 0, 0, 0, 0, '0'),
('717037173496348764', 'Shaiden_Rogue#1948', 0, 0, 0, '0', 0, 0, 0, 0, '0'),
('717687177945022535', 'kennhyra#5456', 0, 0, 0, '0', 0, 0, 3428, 0, '0'),
('718062129105862736', 'камаз but araba#5474', 0, 0, 0, '0', 0, 0, 0, 0, '0'),
('718154223103115414', 'NOXIVO#9311', 0, 0, 0, '0', 0, 112964, 0, 8172, '0'),
('718351062725033985', 'Andrei920ﾉ𝒕𝒔♛#2711', 0, 0, 0, '0', 0, 0, 52191, 0, '0'),
('718623870793547897', 'sebii113#5710', 0, 0, 0, '0', 0, 0, 0, 0, '0'),
('720961829378981899', 'BugsBunny#6969', 0, 0, 0, '0', 0, 308, 0, 82, '0'),
('721012552011612171', 'yeboiii#2424', 0, 0, 0, '0', 0, 0, 8567, 0, '0'),
('721358081354891357', 'Maniacul#2683', 0, 0, 0, '0', 0, 0, 0, 0, '0'),
('721821250078507208', 'luisraul46#5385', 0, 0, 0, '0', 0, 0, 0, 0, '0'),
('722849997191905320', 'razvan#0655', 0, 0, 0, '0', 0, 29104, 0, 780, '0'),
('723329758359847043', 'cata#9247', 0, 0, 0, '0', 0, 0, 11299, 0, '0'),
('723411737642008636', 'Pingu#1675', 0, 0, 0, '0', 0, 0, 0, 0, '0'),
('723478625105477685', 'HDgames ⌥G&M♛#9999', 0, 0, 0, '0', 0, 0, 30565, 0, '0'),
('723516754361450576', 'iTs#7674', 0, 0, 0, '0', 0, 0, 390, 0, '0'),
('723648255505727520', 'Andrei60#4875', 0, 0, 0, '0', 0, 7848, 121771, 113, '0'),
('723867364889722880', '👽$𝕨𝕙𝕠𝕡𝕡𝕤𝕚𝕖#1999', 0, 0, 0, '0', 0, 439, 145838, 0, '0'),
('724288714276208661', 'Costi.SEACARAW#6998', 0, 0, 0, '0', 0, 390, 0, 0, '0'),
('725271899281686649', 'ᴬᴷFeonᵒˢ#6666', 0, 0, 0, '0', 0, 390, 0, 0, '0'),
('728303642087784538', 'bapeBisdonᴷᴼᴵ#0801', 0, 0, 0, '0', 0, 98220, 0, 0, '0'),
('730113346065399908', 'RazvanRXZ#7646', 0, 0, 0, '0', 0, 0, 390, 0, '0'),
('730829978639532196', 'King3000#2008', 0, 0, 0, '0', 0, 341, 0, 0, '0'),
('732560730712309831', 'Kázmér#9088', 0, 0, 0, '0', 0, 137406, 0, 8570, '0'),
('733823190022750279', 'HunterRO#8089', 0, 0, 0, '0', 0, 0, 0, 0, '0'),
('734731178610786316', 'wiky.『ᵒˢ』#9191', 0, 50, 0, '1607716386', 1, 0, 195, 0, '0'),
('734778403907043348', '★GabrielRo✘ᴮˡᵃᶻᵉ★#7777', 0, 0, 0, '0', 0, 0, 1743, 0, '0'),
('735453230699643022', 'robitzy1234#0562', 0, 0, 0, '0', 0, 0, 0, 0, '0'),
('736433471215501476', 'Swat Gaming#5062', 0, 0, 0, '0', 0, 0, 0, 0, '0'),
('736862774751264788', 'ᶜᵒˣA𝚗𝚍𝚛𝚎𝚎𝚊ᵈᵉᵛˣ#5497', 0, 0, 0, '0', 0, 0, 0, 0, '0'),
('737233985993965590', 'rapheylel#1702', 0, 0, 0, '0', 0, 0, 0, 0, '0'),
('737790852637917256', 'Iulia#4185', 0, 0, 0, '0', 0, 3428, 0, 0, '0'),
('738969339524546581', 'M6Tonyシ#6563', 0, 0, 0, '0', 0, 0, 0, 0, '0'),
('741704739443572736', 'ionutionut#0001', 0, 0, 0, '0', 0, 544, 0, 5143, '0'),
('742137579499159605', 'Dendenis#1109', 0, 0, 0, '0', 0, 0, 0, 0, '0'),
('742510995821297676', 'AntonioKing#2067', 0, 0, 0, '0', 0, 0, 0, 0, '0'),
('743734641579786330', 'iustin#6606', 0, 0, 0, '0', 0, 0, 0, 0, '0'),
('743950776539283557', '[sG]skinny#1100', 0, 0, 0, '0', 0, 0, 0, 0, '0'),
('744116425110716437', '⥌ ᵀˢ  AlinB 👑#0769', 0, 0, 0, '0', 0, 25590, 10714, 16822, '0'),
('745595326978719765', 'madalin#5760', 0, 0, 0, '0', 0, 0, 0, 0, '0'),
('750961382576357387', 'ENDERBOYGAMER_YT#8865', 0, 0, 0, '0', 0, 7068, 0, 880, '0'),
('753187996353691738', 'Tommy Shelby#6401', 0, 0, 0, '0', 0, 0, 0, 0, '0'),
('753242245972623361', 'maxinfinit#9848', 0, 0, 0, '0', 0, 0, 0, 0, '0'),
('753632720403300393', 'Breezy#1122', 0, 0, 0, '0', 0, 0, 0, 0, '0'),
('753716024758501458', 'Bleau George#4209', 0, 0, 0, '0', 0, 0, 0, 0, '0'),
('755132355865346058', '$ynex†⁶⁹†#8734', 0, 0, 0, '0', 0, 0, 40210, 187, '0'),
('755484267135631503', 'cosothw#4081', 0, 0, 0, '0', 0, 0, 390, 0, '0'),
('756608455904591892', 'Mesii#0154', 0, 0, 0, '0', 0, 0, 0, 0, '0'),
('757163384981422101', '🔱Miky🔱  ﾉ ᵏᵒᵍ#6951', 0, 0, 0, '0', 0, 0, 0, 0, '0'),
('757231952787931249', 'Danyel𝓑𝓛𝓧#7296', 0, 0, 0, '0', 0, 0, 0, 0, '0'),
('757518709274443846', 'DANIBOY#3768', 0, 0, 0, '0', 0, 0, 0, 0, '0'),
('757562451838631946', 'SzabiHunYT#9016', 0, 0, 0, '0', 0, 5392, 0, 0, '0'),
('757648188973908048', 'BarthaAnett#4382', 0, 0, 0, '0', 0, 0, 0, 0, '0'),
('758036568026906734', 'Seby54R#6330', 0, 0, 0, '0', 0, 0, 0, 0, '0'),
('759005985016119326', '.Dumy.#3590', 0, 0, 0, '0', 0, 0, 132748, 0, '0'),
('759019595016437761', 'm0nesy.#8223', 0, 0, 0, '0', 0, 17774, 0, 500, '0'),
('759460862749704222', 'Georgiana#2681', 0, 0, 0, '0', 0, 0, 22908, 0, '0'),
('760402802211815434', 'bezna#7245', 0, 0, 0, '0', 0, 34, 0, 0, '0'),
('761332737775894541', 'awesomeguy1#7134', 0, 0, 0, '0', 0, 592, 0, 0, '0'),
('762203168401915914', 'ROBERTO2005#4893', 0, 0, 0, '0', 0, 5062, 0, 0, '0'),
('762673322110353408', 'Sasuke#3290', 0, 0, 0, '0', 0, 0, 0, 0, '0'),
('762744961296498738', 'Kassy#1946', 0, 0, 0, '0', 0, 0, 0, 0, '0'),
('763264254525833237', 'idiotickitten#0815', 0, 0, 0, '0', 0, 0, 0, 0, '0'),
('763844534257582142', 'robi xd#6936', 0, 0, 0, '0', 0, 31247, 0, 3539, '0'),
('763928176853254185', 'Haikouツ#6494', 0, 0, 0, '0', 0, 781, 20076, 0, '0'),
('764173745244995654', 'ionas kinga#8782', 0, 0, 0, '0', 0, 32, 0, 0, '0'),
('765478568129593365', 'kakucs9#3069', 0, 0, 0, '0', 0, 0, 0, 0, '0'),
('766026358471131206', 'mwp avenger#8292', 0, 0, 0, '0', 0, 0, 0, 0, '0'),
('766836483071672341', 'Inevitable#0420', 0, 0, 0, '0', 0, 0, 390, 0, '0'),
('767001075059392514', 'botosei#8528', 0, 0, 0, '0', 0, 0, 0, 0, '0'),
('767346096933830698', 'WefxBest#4058', 0, 0, 0, '0', 0, 177, 0, 0, '0'),
('767446517912830022', 'andreea#9865', 0, 0, 0, '0', 0, 0, 0, 0, '0'),
('768409576164163584', 'fish#1010', 0, 0, 0, '0', 0, 0, 0, 0, '0'),
('769243437756579891', 'OPTI PC | ThibDel#0045', 0, 0, 0, '0', 0, 0, 11464, 0, '0'),
('769259706207436800', 'LouisVuitton2#0204', 0, 0, 0, '0', 0, 1739, 0, 0, '0'),
('769463180958367744', 'kaven#8534', 0, 0, 0, '0', 0, 0, 0, 0, '0'),
('769577677916471298', 'csokpuszi#4602', 0, 0, 0, '0', 0, 0, 0, 0, '0'),
('769658990954283009', 'Skyyy#0432', 0, 0, 0, '0', 0, 0, 0, 0, '0'),
('770366299573846016', 'Cheesus#6432', 0, 0, 0, '0', 0, 158314, 0, 4432, '0'),
('771734722341634099', 'PGD_Rez#1337', 0, 0, 0, '0', 0, 1369, 0, 231, '0'),
('772017609814048778', 'Zsolt\"s#0469', 0, 0, 0, '0', 0, 0, 0, 0, '0'),
('772157256703672331', 'castrofel23#6542', 0, 0, 0, '0', 0, 0, 0, 0, '0'),
('772241787934605343', 'yaso#1802', 0, 0, 0, '0', 0, 0, 0, 0, '0'),
('772499503868674049', 'benedek_zsofia#3898', 0, 0, 0, '0', 0, 7, 0, 0, '0'),
('773918176487538708', 'ム  𝔈𝔮𝔲𝔢𝔰𝔣𝔢𝔯𝔯𝔲𝔪.#0001', 0, 0, 0, '0', 0, 0, 6765, 0, '0'),
('774315477455339520', 'Szilamer#9124', 0, 0, 0, '0', 0, 83043, 0, 56878, '0'),
('774329821991665704', 'lil aleq#7549', 0, 0, 0, '0', 0, 0, 0, 0, '0'),
('774553759816089614', 'KonKILOG#0547', 0, 0, 0, '0', 0, 0, 0, 0, '0'),
('775353217851981864', 'pitika_ta#0530', 0, 0, 0, '0', 0, 0, 0, 0, '0'),
('775473716037025842', 'Youtube Gaming#8647', 0, 0, 0, '0', 0, 0, 0, 0, '0'),
('775758257339367464', 'Catalinaaaﾉˢᵏʸ#5416', 0, 0, 0, '0', 0, 0, 3496, 0, '0'),
('776363562708762644', 'neculai_14#4121', 0, 0, 0, '0', 0, 0, 0, 0, '0'),
('776449003495620639', 'Melii#9389', 0, 0, 0, '0', 0, 2568, 0, 0, '0'),
('776751716615192617', 'Jeremiah#1112', 0, 0, 0, '0', 0, 0, 0, 0, '0'),
('776844312649793576', 'ghost_e_sheful#5565', 0, 0, 0, '0', 0, 0, 0, 0, '0'),
('776845901766983715', 'bot_1#2130', 0, 0, 0, '0', 0, 0, 0, 0, '0'),
('776848159422939247', 'bot_2#7365', 0, 0, 0, '0', 0, 0, 0, 0, '0'),
('776848647786201108', 'bot_3#3783', 0, 0, 0, '0', 0, 0, 0, 0, '0'),
('776849459992723457', 'bot_4#3704', 0, 0, 0, '0', 0, 0, 0, 0, '0'),
('776851355406172160', 'bot_5#3485', 0, 0, 0, '0', 0, 0, 0, 0, '0'),
('776851636969537538', 'bot_6#9099', 0, 0, 0, '0', 0, 0, 0, 0, '0'),
('776858000617897995', 'ghost_bot_1#5723', 0, 0, 0, '0', 0, 0, 0, 0, '0'),
('776858562370469909', 'ghost_bot_2#9846', 0, 0, 0, '0', 0, 0, 0, 0, '0'),
('776859246431436860', 'ghost_bot_3#7749', 0, 0, 0, '0', 0, 0, 0, 0, '0'),
('776859998226481152', 'ghost_bot_4#4304', 0, 0, 0, '0', 0, 0, 0, 0, '0'),
('776860527091646504', 'ghost_bot_5#7483', 0, 0, 0, '0', 0, 0, 0, 0, '0'),
('776861009348263957', 'ghost_bot_6#4915', 0, 0, 0, '0', 0, 0, 0, 0, '0'),
('776861905879826433', 'ghost_bot_7#0886', 0, 0, 0, '0', 0, 0, 0, 0, '0'),
('776862262668820490', 'ghost_bot_8#3995', 0, 0, 0, '0', 0, 0, 0, 0, '0'),
('776862918910279730', 'ghost_bot_9#6992', 0, 0, 0, '0', 0, 0, 0, 0, '0'),
('776881352980824114', 'Ady/Adrian#1711', 0, 0, 0, '0', 0, 79, 0, 0, '0'),
('777235112319909938', 'eforce1#3498', 0, 0, 0, '0', 0, 0, 0, 0, '0'),
('777235355837399050', 'eforce2#5707', 0, 0, 0, '0', 0, 0, 0, 0, '0'),
('777235965202661436', 'eforce3#0769', 0, 0, 0, '0', 0, 0, 0, 0, '0'),
('777236572235628546', 'eforce4#7702', 0, 0, 0, '0', 0, 0, 0, 0, '0'),
('777236727956766781', 'eforce5#6208', 0, 0, 0, '0', 0, 0, 0, 0, '0'),
('777237132338266125', 'eforce6#4183', 0, 0, 0, '0', 0, 0, 0, 0, '0'),
('777237396839858237', 'eforce7#8300', 0, 0, 0, '0', 0, 0, 0, 0, '0'),
('777237697248493630', 'eforce8#3034', 0, 0, 0, '0', 0, 0, 0, 0, '0'),
('777237981672112138', 'eforce9#5043', 0, 0, 0, '0', 0, 0, 0, 0, '0'),
('777272287127928832', 'mirunamihaela64862#4941', 0, 0, 0, '0', 0, 0, 0, 0, '0'),
('777971665433788447', 'Rebecca_01#9439', 0, 0, 0, '0', 0, 0, 0, 0, '0'),
('778187762184355842', 'sabina8354#9230', 0, 0, 0, '0', 0, 1975, 0, 0, '0'),
('778188288980156436', 'Botiii#0038', 0, 0, 0, '0', 0, 743, 0, 0, '0'),
('778188324333944843', 'johni sins#2580', 0, 0, 0, '0', 0, 33599, 0, 0, '0'),
('778215767317020672', 'ionut#2616', 0, 0, 0, '0', 0, 0, 0, 0, '0'),
('778319536700653568', 'delinke#5699', 0, 0, 0, '0', 0, 1168, 0, 0, '0'),
('778594177562705931', '[WD]Bernatvok#1112', 0, 0, 0, '0', 0, 0, 390, 0, '0'),
('778705937397186570', 'Szabo Timea#4706', 0, 0, 0, '0', 0, 165, 0, 0, '0'),
('778976755058475079', 'flori#0436', 0, 0, 0, '0', 0, 0, 0, 0, '0'),
('779313960955543582', 'Mirela#0421', 0, 0, 0, '0', 0, 0, 0, 0, '0'),
('781006320810983434', '!                   Sucuk𒉔Püresi#9835', 0, 0, 0, '0', 0, 0, 68525, 0, '0'),
('781205907282985010', 'Tuzson._.Edi#6003', 0, 0, 0, '0', 0, 33458, 0, 0, '0'),
('781233790629445672', 'PopoviciDinu#9357', 0, 0, 0, '0', 0, 0, 0, 0, '0'),
('781234492211593267', 'PopoviciDinu#0871', 0, 0, 0, '0', 0, 0, 0, 0, '0'),
('781524367255142401', 'PopoviciDinu#8742', 0, 0, 0, '0', 0, 0, 0, 0, '0'),
('781830687782207488', 'ℭ𝔢𝔩𝔢𝔰𝔱𝔦𝔞𝔏𝔲𝔡𝔢𝔫𝔟𝔢𝔯𝔤ᶠˡᵒʷ#4876', 0, 0, 0, '0', 0, 0, 69489, 0, '0'),
('782240388865720320', 'fagreson#0477', 0, 0, 0, '0', 0, 0, 0, 0, '0'),
('782277334559883274', 'samir boss#8630', 0, 0, 0, '0', 0, 0, 0, 0, '0'),
('783024564128317450', 'diegoZza09#0034', 0, 0, 0, '0', 0, 0, 0, 0, '0'),
('783592590179172372', 'susanu69#3224', 0, 0, 0, '0', 0, 0, 0, 0, '0'),
('783719286693953546', 'Beatrice211⥌ ᵀˢ#3945', 0, 0, 0, '0', 0, 0, 0, 0, '0'),
('783764433917706292', 'TEIMPUSC3D#9432', 0, 0, 0, '0', 0, 0, 0, 0, '0'),
('784541590596354048', 'Ștefaniaﾉˣᶻ#4291', 0, 0, 0, '0', 0, 0, 0, 0, '0'),
('784770651574894622', 'TheoKing#6575', 0, 0, 0, '0', 0, 0, 0, 0, '0'),
('785238386633736255', 'Bogdygaming#6060', 0, 0, 0, '0', 0, 0, 0, 0, '0'),
('785771446446194691', 'Alfredo#1346', 0, 0, 0, '0', 0, 0, 0, 0, '0'),
('785807701690941472', 'Elif^^#2820', 0, 0, 0, '0', 0, 0, 22789, 0, '0'),
('785916927355650098', 'Zarque MOD#7003', 0, 0, 0, '0', 0, 0, 0, 0, '0'),
('785939955603341392', 'E.Kriszti#2951', 0, 0, 0, '0', 0, 0, 0, 0, '0'),
('786207220278099968', 'LoSkA#6824', 0, 0, 0, '0', 0, 0, 783, 0, '0'),
('786536891980709888', 'XcReaxXX#6394', 0, 0, 0, '0', 0, 0, 1562, 0, '0'),
('787047546324647976', 'stevvo#2883', 0, 0, 0, '0', 0, 0, 0, 0, '0'),
('787322292371456060', 'Robert13#8351', 0, 0, 0, '0', 0, 0, 390, 0, '0'),
('787624219780972544', 'andu.xx#9443', 0, 0, 0, '0', 0, 7857, 0, 9, '0'),
('787776105800138764', '༄ᵒᴸᴾ Darkseidⱽᵈᴸ ᵏᵉⁿ#2676', 0, 0, 0, '0', 0, 0, 390, 0, '0'),
('787813872937467925', 'flori122#6118', 0, 0, 0, '0', 0, 390, 0, 0, '0'),
('788180491450712096', 'satestrz#0353', 0, 0, 0, '0', 0, 0, 0, 0, '0'),
('788339738611548171', 'Leucadiana67#7402', 0, 0, 0, '0', 0, 158, 0, 0, '0'),
('788342390309781564', 'ispasu#3198', 0, 0, 0, '0', 0, 2568, 0, 0, '0'),
('788432306703958066', 'sunt gayutz#1986', 0, 0, 0, '0', 0, 0, 5007, 0, '0'),
('788491002162839602', '°•andi•°#7432', 0, 0, 0, '0', 0, 0, 0, 0, '0'),
('789216717279854631', '\"𝙿𝚂𝚈 ale#2529', 0, 0, 0, '0', 0, 0, 0, 0, '0'),
('789352230364905492', 'lance#8491', 0, 0, 0, '0', 0, 0, 0, 0, '0'),
('789600122215989259', 'Alexconstantin2006#4890', 0, 0, 0, '0', 0, 0, 0, 0, '0'),
('789602112657031189', 'un nume acolo#3428', 0, 0, 0, '0', 0, 0, 0, 0, '0'),
('790242631229505547', 'Lavin#7579', 0, 0, 0, '0', 0, 0, 0, 0, '0'),
('790254881793245195', 'Flush#2693', 0, 0, 0, '0', 0, 0, 0, 0, '0'),
('791653319323942922', 'gamerxxproxx#9032', 0, 0, 0, '0', 0, 0, 0, 0, '0'),
('792352198901104640', 'Biuq230#5591', 0, 0, 0, '0', 0, 0, 0, 0, '0'),
('792778390595829761', 'Seby/ Frumosu#1517', 0, 0, 0, '0', 0, 0, 0, 0, '0'),
('793003473951784981', '`Moon Eliess#6032', 0, 0, 0, '0', 0, 0, 0, 0, '0'),
('793027703795220512', 'Manu654#8064', 0, 0, 0, '0', 0, 0, 0, 0, '0'),
('794144724339392524', 'Sprane#5225', 0, 0, 0, '0', 0, 0, 0, 0, '0'),
('796053736514256897', 'foras#1126', 0, 0, 0, '0', 0, 0, 0, 0, '0'),
('796432547554394172', '', 0, 0, 0, '0', 0, 0, 0, 0, '0'),
('796817421595312178', 'claudiu#2532', 0, 0, 0, '0', 0, 0, 0, 0, '0'),
('796839563267014666', 'roberto1234#8673', 0, 0, 0, '0', 0, 0, 0, 0, '0'),
('797540200989196378', 'Pitus6969#1543', 0, 0, 0, '0', 0, 0, 0, 0, '0'),
('797902837262450709', 'Flex#3164', 0, 0, 0, '0', 0, 0, 0, 0, '0'),
('798091148114526208', 'damagogu#3668', 0, 0, 0, '0', 0, 0, 0, 0, '0'),
('798094818029862933', 'Lodoct#9554', 0, 0, 0, '0', 0, 0, 0, 0, '0'),
('798095279093710879', 'Lydia#2015', 0, 0, 0, '0', 0, 0, 0, 0, '0'),
('798190330251968522', 'eren.dll#9732', 0, 0, 0, '0', 0, 0, 0, 0, '0'),
('798216998592708631', 'demonic#9926', 0, 0, 0, '0', 0, 390, 0, 0, '0'),
('798311851246485564', 'MrWolfieKing#7864', 0, 0, 0, '0', 0, 0, 0, 0, '0'),
('798846199976951829', 'Supt De pulus#7632', 0, 0, 0, '0', 0, 0, 0, 0, '0'),
('798994262925901908', 'Zsófii#3018', 0, 0, 0, '0', 0, 0, 0, 0, '0'),
('799715860767965235', 'Abigél#9892', 0, 0, 0, '0', 0, 0, 0, 0, '0'),
('800638915739648011', 'Melii#9925', 0, 0, 0, '0', 0, 0, 0, 0, '0'),
('801736712262123530', 'dariaa ˣᶻ#9171', 0, 0, 0, '0', 0, 0, 0, 0, '0'),
('801936189694804050', '\"_Nati_\"#8088', 0, 0, 0, '0', 0, 0, 0, 0, '0'),
('801968793198264330', 'John Bridges#9821', 0, 0, 0, '0', 0, 0, 0, 0, '0'),
('801968881081516052', 'Gregory Williams#2693', 0, 0, 0, '0', 0, 0, 0, 0, '0'),
('801969194551607316', 'Mark Moore#1545', 0, 0, 0, '0', 0, 0, 0, 0, '0'),
('801969289024372801', 'Oscar Davis#0822', 0, 0, 0, '0', 0, 0, 0, 0, '0'),
('801971146026909706', 'Lawrence Collins#8708', 0, 0, 0, '0', 0, 0, 0, 0, '0'),
('801971147591385088', 'Christopher Mitchell#5772', 0, 0, 0, '0', 0, 0, 0, 0, '0'),
('801971179740987392', 'Steve Schultz#4235', 0, 0, 0, '0', 0, 0, 0, 0, '0'),
('801971250779652137', 'Jerry Smith#7845', 0, 0, 0, '0', 0, 0, 0, 0, '0'),
('801971366621347851', 'Randall Wong#1692', 0, 0, 0, '0', 0, 0, 0, 0, '0'),
('802961260291424256', ',,#7493', 0, 0, 0, '0', 0, 0, 0, 0, '0'),
('803196054844997635', 'allisonhesba#6689', 0, 0, 0, '0', 0, 317, 0, 73, '0'),
('803203644698656810', 'eilfaalvat#5867', 0, 0, 0, '0', 0, 314, 0, 76, '0'),
('803210473813442611', 'parvinshahanaz#6214', 0, 0, 0, '0', 0, 306, 0, 84, '0'),
('803220509700784178', 'jeniyamedina#1754', 0, 0, 0, '0', 0, 390, 0, 0, '0'),
('803246633017016380', 'jelyjonsen#1374', 0, 0, 0, '0', 0, 320, 0, 70, '0'),
('803366717114810368', 'spen MEN#6372', 0, 0, 0, '0', 0, 390, 0, 0, '0'),
('803626673999839242', '⛤LoRaX⛤#1858', 0, 0, 0, '0', 0, 0, 0, 0, '0'),
('804713388856180776', 'Amrani212#2128', 0, 0, 0, '0', 0, 0, 0, 0, '0'),
('806965783330684928', 'K3[N]z0r⥌ ᵀˢ#1444', 0, 0, 0, '0', 0, 0, 0, 0, '0'),
('807072853849014282', 'Crypto Gains#6554', 0, 0, 0, '0', 0, 0, 0, 0, '0'),
('807960863591890964', 'antonandreea20090823#6591', 0, 0, 0, '0', 0, 0, 0, 0, '0');

-- --------------------------------------------------------

--
-- Table structure for table `users_activity`
--

CREATE TABLE `users_activity` (
  `id` int(11) NOT NULL,
  `user_id` varchar(20) NOT NULL,
  `guild_id` varchar(20) NOT NULL,
  `total_messages` int(11) NOT NULL DEFAULT 0,
  `total_voice_connections` int(11) NOT NULL DEFAULT 0,
  `total_voice_seconds` int(11) NOT NULL DEFAULT 0
) ENGINE=InnoDB DEFAULT CHARSET=utf8mb4;

--
-- Dumping data for table `users_activity`
--

INSERT INTO `users_activity` (`id`, `user_id`, `guild_id`, `total_messages`, `total_voice_connections`, `total_voice_seconds`) VALUES
(1, '457890637744701441', '785741289257041962', 782, 86, 75154),
(3, '334979056095199233', '778277509540216843', 500, 9, 6189),
(4, '425546694663602186', '778277509540216843', 225, 29, 16193),
(5, '353156916609941505', '778277509540216843', 177, 32, 23078),
(6, '744116425110716437', '785741289257041962', 205, 99, 16392),
(8, '573240895055593482', '778187805452271617', 2, 15, 11060),
(9, '432469630876123137', '778187805452271617', 6, 21, 11068),
(11, '630404673844805632', '738477470717706340', 2, 0, 0),
(12, '522480637953835009', '785741289257041962', 129, 90, 12593),
(13, '278288022296985600', '785741289257041962', 990, 129, 38022),
(16, '609335364339105792', '778277509540216843', 66, 45, 17206),
(18, '349178235210301440', '738477470717706340', 360, 32, 5198),
(19, '734731178610786316', '738477470717706340', 14, 0, 0),
(20, '728303642087784538', '785741289257041962', 85, 89, 89624),
(23, '334979056095199233', '738477470717706340', 992, 108, 8776),
(25, '472731638762176512', '785741289257041962', 7, 12, 59315),
(27, '334979056095199233', '786693889045299220', 1255, 17, 1322),
(29, '581901522795888681', '785741289257041962', 0, 16, 4833),
(30, '683030776312233984', '785741289257041962', 1, 29, 33373),
(31, '309333602129281027', '786693889045299220', 418, 1, 47),
(32, '581901522795888681', '778187805452271617', 2, 3, 2201),
(33, '522480637953835009', '738477470717706340', 27, 0, 0),
(34, '581901522795888681', '738477470717706340', 1, 0, 0),
(35, '770366299573846016', '778187805452271617', 5, 14, 18098),
(37, '627483616217268225', '738477470717706340', 139, 2, 226),
(38, '732560730712309831', '778187805452271617', 4, 65, 54269),
(39, '365844044057673738', '738477470717706340', 9, 0, 0),
(40, '278288022296985600', '738477470717706340', 93, 0, 0),
(41, '506161292403539988', '785741289257041962', 1, 15, 35581),
(42, '349178235210301440', '785741289257041962', 6, 8, 1315),
(43, '334979056095199233', '785741289257041962', 158, 10, 999),
(45, '705881983909363742', '738477470717706340', 27, 0, 0),
(48, '421439564289277973', '785741289257041962', 9, 72, 53853),
(49, '778188324333944843', '778187805452271617', 0, 22, 16702),
(50, '776449003495620639', '778187805452271617', 0, 19, 1345),
(51, '334979056095199233', '786244802236776468', 104, 0, 0),
(52, '723329758359847043', '738477470717706340', 1, 0, 0),
(53, '718351062725033985', '785741289257041962', 1, 12, 296),
(54, '432533456807919639', '738477470717706340', 2, 0, 0),
(55, '711489952319275058', '785741289257041962', 0, 46, 8528),
(56, '531550978370043904', '778187805452271617', 4, 23, 58732),
(57, '510838427835695114', '785741289257041962', 0, 2, 3853),
(58, '744116425110716437', '738477470717706340', 2, 0, 0),
(59, '718154223103115414', '785741289257041962', 0, 1, 27),
(60, '781205907282985010', '778187805452271617', 2, 3, 4292),
(61, '787624219780972544', '785741289257041962', 1, 5, 2603),
(62, '261123910114869248', '785741289257041962', 0, 4, 1721),
(63, '723867364889722880', '785741289257041962', 2, 1, 696),
(64, '712376861962928128', '785741289257041962', 1, 2, 255),
(65, '755132355865346058', '785741289257041962', 1, 5, 274),
(66, '564024682701914132', '778187805452271617', 0, 4, 5473),
(67, '778188288980156436', '778187805452271617', 1, 1, 662),
(68, '709676405339717674', '778187805452271617', 0, 6, 3441),
(69, '629660009474686976', '778187805452271617', 1, 12, 5851),
(70, '762203168401915914', '778187805452271617', 0, 8, 2037),
(71, '778187762184355842', '778187805452271617', 0, 6, 1942),
(72, '707507968454819882', '778187805452271617', 0, 2, 704),
(73, '778319536700653568', '778187805452271617', 0, 1, 511),
(74, '694653792209338450', '778187805452271617', 0, 2, 448),
(75, '763844534257582142', '778187805452271617', 0, 11, 1114),
(76, '702282980894310511', '785741289257041962', 11, 6, 309),
(77, '722849997191905320', '785741289257041962', 88, 5, 5177),
(78, '715287844066689130', '785741289257041962', 1, 0, 0),
(79, '760402802211815434', '785741289257041962', 1, 0, 0),
(80, '788339738611548171', '785741289257041962', 1, 0, 0),
(81, '788342390309781564', '785741289257041962', 5, 2, 2026),
(82, '774315477455339520', '778187805452271617', 0, 1, 1057),
(83, '697429324126748762', '785741289257041962', 5, 0, 0),
(84, '415165449983229953', '778277509540216843', 8, 0, 0),
(85, '788432306703958066', '778277509540216843', 11, 0, 0),
(86, '759005985016119326', '778277509540216843', 5, 14, 12143),
(87, '647515828857602073', '778277509540216843', 13, 25, 8729),
(88, '510448696408670229', '738477470717706340', 1, 0, 0),
(89, '218972734435098634', '778277509540216843', 6, 0, 0),
(90, '282888375818649600', '785741289257041962', 0, 1, 313),
(91, '614110097307861010', '738477470717706340', 0, 1, 59),
(92, '419548294390218752', '738477470717706340', 2, 0, 0),
(93, '581901522795888681', '581554106729234442', 5, 4, 8135),
(94, '581194734136197122', '581554106729234442', 0, 5, 7245),
(95, '287214117625004033', '778277509540216843', 30, 14, 6973),
(96, '310462391467114497', '786693889045299220', 479, 4, 1096),
(97, '334979056095199233', '793108213716615169', 39, 0, 388),
(98, '334979056095199233', '793108213716615169', 39, 0, 388),
(99, '510448696408670229', '793108213716615169', 11, 0, 0),
(100, '278288022296985600', '793108213716615169', 0, 1, 373),
(101, '728303642087784538', '793108213716615169', 2, 0, 368),
(102, '703173745195614329', '793108213716615169', 20, 0, 0),
(103, '349178235210301440', '793108213716615169', 13, 1, 336);

-- --------------------------------------------------------

--
-- Table structure for table `users_records`
--

CREATE TABLE `users_records` (
  `id` int(11) NOT NULL,
  `user_id` varchar(20) NOT NULL,
  `record_name` varchar(20) NOT NULL
) ENGINE=InnoDB DEFAULT CHARSET=utf8mb4;

--
-- Dumping data for table `users_records`
--

INSERT INTO `users_records` (`id`, `user_id`, `record_name`) VALUES
(1, '334979056095199233', 'mui'),
(2, '334979056095199233', 'test_color_market_sv'),
(3, '353156916609941505', 'nj'),
(4, '334979056095199233', 'kala_kirasap'),
(5, '334979056095199233', 'mil_inpodopesti'),
(6, '309333602129281027', 'ghostcopiatoru'),
(7, '334979056095199233', 'mihai_gm_ultra_h');

-- --------------------------------------------------------

--
-- Table structure for table `voice_channels`
--

CREATE TABLE `voice_channels` (
  `id` int(11) NOT NULL,
  `guild_id` varchar(20) NOT NULL,
  `channel_id` varchar(20) NOT NULL,
  `channel_name` varchar(50) NOT NULL
) ENGINE=InnoDB DEFAULT CHARSET=utf8mb4;

--
-- Dumping data for table `voice_channels`
--

INSERT INTO `voice_channels` (`id`, `guild_id`, `channel_id`, `channel_name`) VALUES
(1, '581554106729234442', '581554106729234448', 'General'),
(2, '581554106729234442', '600757759868403742', 'Music-#1'),
(3, '581554106729234442', '600758115486531596', 'Music-#2'),
(4, '581554106729234442', '600761912690475031', 'only-for-kings'),
(20, '778187805452271617', '778257223389544479', 'Amoung Us'),
(21, '778187805452271617', '778303268617977886', 'Felmérök'),
(22, '778187805452271617', '780168949312258118', 'Free-Fire'),
(25, '778187805452271617', '786896540621865000', 'CSGO'),
(26, '778277509540216843', '778606117299028008', '『❌』𝗔𝗙𝗞'),
(28, '778277509540216843', '778968577071513620', '『🎵』𝗠𝘂𝘀𝗶𝗰'),
(31, '778277509540216843', '778603736523210773', '『🔒』𝘀𝘁𝗮𝗳𝗳'),
(33, '785741289257041962', '785741289890512899', '『🐉』feng-shui'),
(34, '785741289257041962', '785743746158821376', '『🐉』ta-mere-la-pute'),
(35, '785741289257041962', '785743780162174996', '『🐉』fis-de-pute'),
(36, '785741289257041962', '785745483792252929', '『😴』SLEEP'),
(37, '785741289257041962', '785775448968921088', 'All Members: 35'),
(38, '785741289257041962', '785775451871117342', 'Members: 26'),
(39, '785741289257041962', '785775455055249438', 'Bots: 9'),
(40, '786244802236776468', '786244802710601768', 'General'),
(47, '778187805452271617', '788324205539360778', 'Szájkarate'),
(49, '634825697235304449', '634825697235304453', 'General #1'),
(50, '634825697235304449', '634829660865167360', 'General #2'),
(51, '634825697235304449', '634829734605357086', 'General #3'),
(52, '634825697235304449', '634830008875089941', 'MUSIC ONLY'),
(53, '634825697235304449', '634830251587010580', 'VIP'),
(54, '634825697235304449', '634830984474394664', 'Admins'),
(55, '634825697235304449', '634831071535431701', 'Owners'),
(56, '634825697235304449', '634831190083502120', 'SEDINTE'),
(57, '634825697235304449', '634833193543139338', 'AFK ROOM'),
(58, '771820155260108841', '771820155709816913', 'Informații generale'),
(59, '767450157036863578', '767450157036863583', 'General'),
(60, '767450157036863578', '767453834540220426', 'muzica'),
(61, '771005635613294623', '771005636128931863', 'General'),
(68, '543420624949739530', '656500866894790666', '91.121.87.14:7038'),
(69, '543420624949739530', '543420624949739535', '🗨SA:MP🗨'),
(70, '543420624949739530', '656779809543684136', 'Bot Count: 1'),
(71, '543420624949739530', '543425304291704833', '🔒OWNER🔒'),
(72, '543420624949739530', '656500611700883486', 'Channel Count: 26'),
(73, '543420624949739530', '656779808356696065', 'Role Count: 26'),
(74, '543420624949739530', '664861376686063636', 'RADIO MUSIC'),
(75, '543420624949739530', '656499991191355418', 'Member Count: 37'),
(76, '543420624949739530', '675059077394726912', 'Counter Strike Global Offensive'),
(77, '543420624949739530', '670313963589992516', 'music'),
(78, '543420624949739530', '656499991967301672', 'Channel Count: 23'),
(79, '543420624949739530', '656499993464799273', 'User Count: 36'),
(80, '543420624949739530', '675059298279227394', 'Fortnite'),
(81, '543420624949739530', '543423262693261312', 'General STAFF'),
(82, '524287108073127947', '524287108521787402', 'General'),
(83, '730170593043021854', '730170593043021858', 'Informații generale'),
(84, '727872885909356556', '727872886358016102', 'General'),
(85, '780825625245646860', '780835633164845057', '🔫CS:GO🔫'),
(86, '780825625245646860', '780834784036519937', 'Members: 16'),
(87, '780825625245646860', '780833428546387979', 'Trios 2'),
(88, '780825625245646860', '780832933611175976', 'Privat 3'),
(89, '780825625245646860', '780833586580422656', 'Squad 2'),
(90, '780825625245646860', '780835754167107621', '🎮FORTNITE🎮'),
(91, '780825625245646860', '780843652376559637', 'Voice channels: 18'),
(92, '780825625245646860', '780835873468973067', '💻SA:MP💻'),
(93, '780825625245646860', '780833071460909056', 'Trios 1'),
(94, '780825625245646860', '780832859891302400', 'Privat 1'),
(95, '780825625245646860', '780833467700215819', 'Trios 3'),
(96, '780825625245646860', '780834781407346748', 'All Members: 24'),
(97, '780825625245646860', '780833627431895081', 'Squad 3'),
(98, '780825625245646860', '780832908008620123', 'Privat 2'),
(99, '780825625245646860', '780825625892093996', '🎵Muzica🎵'),
(100, '780825625245646860', '780833519144271873', 'Squad 1'),
(101, '780825625245646860', '780834787199811634', 'Bots: 8'),
(102, '780825625245646860', '780835043202301952', '🔊La o vorba🔊'),
(103, '776546562792620104', '776546562792620108', 'General'),
(104, '608811260674441217', '772474269003022337', '🎮⌈AMONGUS#2⌋'),
(105, '608811260674441217', '772475407953428490', '🎮⌈SQUAD#3⌋'),
(106, '608811260674441217', '772473555098927106', '🎮⌈COMPE#3⌋'),
(107, '608811260674441217', '772471554810445835', '🎮⌈LoL#4⌋'),
(108, '608811260674441217', '772477156495851572', '🎮⌈TRIO#3⌋'),
(109, '608811260674441217', '772476904635891732', '🎮⌈DUO#2⌋'),
(110, '608811260674441217', '772474176128548905', '🎮⌈AMONGUS#1⌋'),
(111, '608811260674441217', '772475288230821948', '🎮⌈SQUAD#1⌋'),
(112, '608811260674441217', '772469698943516693', '🔊⌈Off Topic#4⌋'),
(113, '608811260674441217', '772475853233717278', '🎮⌈GTAV#1⌋'),
(114, '608811260674441217', '772476460261834806', '🎮⌈THEFOREST#2⌋'),
(115, '608811260674441217', '772471096012046347', '🎮⌈LoL#2⌋'),
(116, '608811260674441217', '772474875926413353', '🎮⌈DUO#1⌋'),
(117, '608811260674441217', '772476039330791434', '🎮⌈GTAV#2⌋'),
(118, '608811260674441217', '772469600037240853', '🔊⌈Off Topic#2⌋'),
(119, '608811260674441217', '772474955778621441', '🎮⌈DUO#2⌋'),
(120, '608811260674441217', '772470608675733555', '🎮⌈LoL#1⌋'),
(121, '608811260674441217', '772477033476390923', '🎮⌈TRIO#1⌋'),
(122, '608811260674441217', '772469657683623977', '🔊⌈Off Topic#3⌋'),
(123, '608811260674441217', '778525863439761408', '🖼⌈STAFF#1⌋'),
(124, '608811260674441217', '772473284033773588', '🎮⌈COMPE#1⌋'),
(125, '608811260674441217', '772476851053789184', '🎮⌈DUO#1⌋'),
(126, '608811260674441217', '772476087656644618', '🎮⌈GTAV#3⌋'),
(127, '608811260674441217', '772476378246283355', '🎮⌈THEFOREST#1⌋'),
(128, '608811260674441217', '772475005166026762', '🎮⌈DUO#3⌋'),
(129, '608811260674441217', '772477083686273035', '🎮⌈TRIO#2⌋'),
(130, '608811260674441217', '688795136158728259', '🎶Muzica🎶'),
(131, '608811260674441217', '772476963373711380', '🎮⌈DUO#3⌋'),
(132, '608811260674441217', '772475350365896705', '🎮⌈SQUAD#2⌋'),
(133, '608811260674441217', '701931679140413453', '💤AFK💤'),
(134, '608811260674441217', '772473487528165386', '🎮⌈COMPE#2⌋'),
(135, '608811260674441217', '772469431078879243', '🔊⌈Off Topic#1⌋'),
(136, '608811260674441217', '772476544748093441', '🎮⌈THEFOREST#3⌋'),
(137, '608811260674441217', '772475190641819708', '🎮⌈TRIO#2⌋'),
(138, '608811260674441217', '772473798649446412', '🎮⌈WINGMAN#2⌋'),
(139, '608811260674441217', '772473661788913675', '🎮⌈WINGMAN#1⌋'),
(140, '608811260674441217', '772475107725541386', '🎮⌈TRIO#1⌋'),
(141, '608811260674441217', '772475460449861665', '🎮⌈SQUAD#4⌋'),
(142, '608811260674441217', '777895898315096075', '🎮⌈VALORANT#1⌋'),
(143, '608811260674441217', '772471120552132629', '🎮⌈LoL#3⌋'),
(144, '778277509540216843', '798103076292395008', '🔴All Members: 104'),
(145, '778277509540216843', '803619391286804500', '『📣』Voice 2'),
(146, '778277509540216843', '803619153054269500', '『📣』Voice 1'),
(147, '778277509540216843', '798103082323017728', '🟡Bots: 19'),
(148, '778277509540216843', '798103079202324480', '🟢Members: 85'),
(149, '767354439249166367', '767354439794294827', 'General'),
(150, '657989767006519332', '738114514276581516', '🖥 Zula'),
(151, '657989767006519332', '728987929409486869', '✴General✴'),
(152, '657989767006519332', '729011212775587991', 'Bot Count: 2'),
(153, '657989767006519332', '729011210552344576', 'Channel Count: 31'),
(154, '657989767006519332', '729011212108562524', 'User Count: 14'),
(155, '657989767006519332', '728981376447021179', '😴⛺AFK'),
(156, '657989767006519332', '728988325167497277', '📯FORTNITE📯'),
(157, '657989767006519332', '728988230661308487', '🔊SA-MP🔊'),
(158, '657989767006519332', '729011210942677093', 'Member Count: 16'),
(159, '657989767006519332', '729011213220184135', 'Role Count: 29'),
(160, '776841671982710825', '776841672831139893', 'General'),
(161, '754490641744134274', '764590774594961469', '🌏general-voice1🌏'),
(162, '754490641744134274', '764591033102762015', '🌏general-voice2🌏'),
(163, '754490641744134274', '764591104569507870', '🌏general-voice3🌏'),
(164, '754490641744134274', '764595139653271606', '📼Audio📼'),
(165, '731556318636408964', '773103745000931340', '〘🍻〙◜Public 3◞'),
(166, '731556318636408964', '773103749634850836', '»（🌲）〤・Creează Privat'),
(167, '731556318636408964', '773103737899188234', 'Membrii: 2,234'),
(168, '731556318636408964', '773103754605756426', '🎲・Fazan'),
(169, '731556318636408964', '773103739409793054', 'Online: 743'),
(170, '731556318636408964', '773103746673541141', '〘🥀〙◜Privat 1◞'),
(171, '731556318636408964', '773103743788384316', '〘🍻〙◜Public 2◞'),
(172, '731556318636408964', '773103740499918879', '〘🌌〙◜Film◞'),
(173, '731556318636408964', '773103748158849044', '〘🥀〙◜Privat 2◞'),
(174, '731556318636408964', '773103742274371584', '〘🍻〙◜Public 1◞'),
(175, '497753416546648106', '515587998285430840', '🔊Public 2🔊'),
(176, '497753416546648106', '515589842097274881', '🎵muzica🎵'),
(177, '497753416546648106', '500333722235699232', '🚗SA:MP🚗'),
(178, '497753416546648106', '684327018371874817', '🔰Caterincă🔰'),
(179, '497753416546648106', '500335248219832320', 'OG-TIMES'),
(180, '497753416546648106', '515588248463212554', '⚔PUBG⚔'),
(181, '497753416546648106', '686544192654147595', 'Co-loaders voice'),
(182, '497753416546648106', '561626545693655042', '🌲FORTNITE🌲'),
(183, '497753416546648106', '571358081330708493', 'SECRET'),
(184, '497753416546648106', '630424163127132161', '📢Voice📢'),
(185, '497753416546648106', '500333364914683915', '🔉Public 1🔉'),
(186, '497753416546648106', '497843747711877130', '[OWNERI]'),
(187, '497753416546648106', '700116479601016990', 'Camera War 2'),
(188, '497753416546648106', '500333897784098816', '🧩ZULA🧩'),
(189, '497753416546648106', '700116397065371658', 'Camera War 1'),
(190, '497753416546648106', '536552615899824128', '🔪CS:GO🔪'),
(191, '497753416546648106', '684147908131684370', '🔮League Of Legends🔮'),
(192, '785741289257041962', '797905663857655849', '『🐉』 kkr-moeder'),
(193, '785741289257041962', '798168992555991060', '『🥂』Privat 1'),
(194, '785741289257041962', '799694046133092393', '『🥂』Privat 2'),
(195, '785741289257041962', '799694240988266517', '『🥂』Privat 3'),
(196, '785741289257041962', '799705888880328735', '🚓 Shaizeman'),
(197, '789459718716260362', '789459718716260366', 'General'),
(198, '530093791374475274', '530093791374475278', 'La o -Barfa'),
(199, '530093791374475274', '534406541336379392', 'Nu-Sunt la Pc'),
(200, '530093791374475274', '534411136339279872', 'La o barfa'),
(201, '530093791374475274', '534411414455189527', 'La o barfa'),
(202, '530093791374475274', '534411686640091156', 'XSS Extrem super stunt Wow amazing hai in confa'),
(203, '530093791374475274', '534414915277029391', 'Muzicâ #1'),
(204, '530093791374475274', '534415313714937866', 'Muzicâ #23526195218616'),
(205, '770401670366494802', '791395363826958376', 'Users: 6'),
(206, '770401670366494802', '791395378574131221', 'Members: 7'),
(207, '770401670366494802', '791395397124751382', 'Roles: 5'),
(208, '770401670366494802', '791395410014240778', 'Bots: 1'),
(209, '770401670366494802', '791395498883547146', 'Online: 3/7'),
(210, '771714485575876618', '771715868161212476', 'fortnite'),
(211, '771714485575876618', '771715914223452201', 'r6'),
(212, '771714485575876618', '771715959555489804', 'among us'),
(213, '771714485575876618', '771716813770850314', 'Clorify zene 1'),
(214, '771714485575876618', '771716882301714463', 'Clorify zene 2'),
(215, '771714485575876618', '771778147023585321', 'see of thieves'),
(216, '771714485575876618', '771794714445873183', 'beszelgetohely'),
(217, '771714485575876618', '776047441819860992', '...afk...'),
(218, '771714485575876618', '776047728178233364', 'rage'),
(219, '793859914585735198', '793859914585735202', 'Informații generale'),
(220, '781075132902539284', '781075132902539289', '😂CATERINCA😂'),
(221, '781075132902539284', '781075132902539290', '📎📊 Administratie 📊📎'),
(222, '781075132902539284', '781082666736943114', '🧨CS-GO🧨'),
(223, '781075132902539284', '781085283201843231', '🔪among-us🔪'),
(224, '781075132902539284', '781491528295251988', '🎭barfe-chat🎭'),
(225, '781075132902539284', '783053625948635148', '🏓CASTRAVETII TURNEE-ANTRENAMENT VOICE🏓'),
(226, '781075132902539284', '783438471087521892', 'Anime-Night'),
(227, '793108213716615169', '793108214203809825', '𝕍𝕠𝕚𝕔𝕖-𝟙'),
(228, '793108213716615169', '793114706310463508', '𝕍𝕠𝕚𝕔𝕖-𝟚'),
(229, '793108213716615169', '793114876830416938', '𝕍𝕠𝕚𝕔𝕖-𝟛'),
(230, '793108213716615169', '793114972422406154', '𝕍𝕠𝕚𝕔𝕖-𝕊𝕥𝕒𝕗𝕗'),
(231, '793108213716615169', '803694073403015189', 'Music Channel'),
(232, '666702994234146847', '666702994234146851', 'General'),
(233, '667854017967292426', '667854017967292438', 'General'),
(234, '667117462533177374', '667117462533177379', 'General'),
(235, '651859324502671370', '651859324502671374', 'General'),
(236, '778187805452271617', '801044836290396160', 'Grand Theft Auto V'),
(237, '778187805452271617', '802307033705086977', 'Parlament'),
(238, '778187805452271617', '803357081276383242', 'Owner'),
(239, '778187805452271617', '803644828788850789', 'private gang'),
(240, '778187805452271617', '808775096592236615', 'Andi & Zsofi'),
(241, '778187805452271617', '809038478347862066', '#BESZELGESS IDEGENEKKEL :)'),
(242, '529704539474100282', '529704539474100290', 'General'),
(243, '771759454667669515', '771759455155126273', 'General'),
(244, '780811484497313814', '780811484497313818', '「៛」General voice'),
(245, '780811484497313814', '781027598893187092', '「៛」Second Voice'),
(246, '780811484497313814', '781027655298449453', '「៛」Private Voice'),
(247, '780811484497313814', '781057334448488488', 'All Members: 21'),
(248, '780811484497313814', '781057337179635774', 'Stars: 9'),
(249, '780811484497313814', '781057340547399690', 'Bots: 12'),
(250, '776489891164323856', '776489891600138251', 'Lounge'),
(251, '776489891164323856', '776489891600138252', 'Sală de streaming');

-- --------------------------------------------------------

--
-- Table structure for table `welcome_message`
--

CREATE TABLE `welcome_message` (
  `guild_id` varchar(20) NOT NULL,
  `text` varchar(100) NOT NULL
) ENGINE=InnoDB DEFAULT CHARSET=utf8mb4;

--
-- Dumping data for table `welcome_message`
--

INSERT INTO `welcome_message` (`guild_id`, `text`) VALUES
('738477470717706340', 'Welcome to {servername}. Use {cmd} for more.'),
('786244802236776468', 'Welcome on {servername} ! Use {cmd} for info.'),
('786693889045299220', 'Bine ai venit pe {servername}, foloseste comanda {cmd} pentru ajutor');

--
-- Indexes for dumped tables
--

--
-- Indexes for table `chat_record`
--
ALTER TABLE `chat_record`
  ADD PRIMARY KEY (`id`);

--
-- Indexes for table `counter`
--
ALTER TABLE `counter`
  ADD PRIMARY KEY (`id`);

--
-- Indexes for table `counter_category`
--
ALTER TABLE `counter_category`
  ADD PRIMARY KEY (`guild_id`);

--
-- Indexes for table `error_logs`
--
ALTER TABLE `error_logs`
  ADD PRIMARY KEY (`id`);

--
-- Indexes for table `guilds`
--
ALTER TABLE `guilds`
  ADD PRIMARY KEY (`guild_id`);

--
-- Indexes for table `settings`
--
ALTER TABLE `settings`
  ADD PRIMARY KEY (`access_token`);

--
-- Indexes for table `users`
--
ALTER TABLE `users`
  ADD PRIMARY KEY (`user_id`);

--
-- Indexes for table `users_activity`
--
ALTER TABLE `users_activity`
  ADD PRIMARY KEY (`id`);

--
-- Indexes for table `users_records`
--
ALTER TABLE `users_records`
  ADD PRIMARY KEY (`id`);

--
-- Indexes for table `voice_channels`
--
ALTER TABLE `voice_channels`
  ADD PRIMARY KEY (`id`);

--
-- Indexes for table `welcome_message`
--
ALTER TABLE `welcome_message`
  ADD PRIMARY KEY (`guild_id`);

--
-- AUTO_INCREMENT for dumped tables
--

--
-- AUTO_INCREMENT for table `chat_record`
--
ALTER TABLE `chat_record`
  MODIFY `id` int(11) NOT NULL AUTO_INCREMENT, AUTO_INCREMENT=85;

--
-- AUTO_INCREMENT for table `counter`
--
ALTER TABLE `counter`
  MODIFY `id` int(11) NOT NULL AUTO_INCREMENT, AUTO_INCREMENT=52;

--
-- AUTO_INCREMENT for table `error_logs`
--
ALTER TABLE `error_logs`
  MODIFY `id` int(11) NOT NULL AUTO_INCREMENT, AUTO_INCREMENT=17;

--
-- AUTO_INCREMENT for table `users_activity`
--
ALTER TABLE `users_activity`
  MODIFY `id` int(11) NOT NULL AUTO_INCREMENT, AUTO_INCREMENT=104;

--
-- AUTO_INCREMENT for table `users_records`
--
ALTER TABLE `users_records`
  MODIFY `id` int(11) NOT NULL AUTO_INCREMENT, AUTO_INCREMENT=8;

--
-- AUTO_INCREMENT for table `voice_channels`
--
ALTER TABLE `voice_channels`
  MODIFY `id` int(11) NOT NULL AUTO_INCREMENT, AUTO_INCREMENT=252;
COMMIT;

/*!40101 SET CHARACTER_SET_CLIENT=@OLD_CHARACTER_SET_CLIENT */;
/*!40101 SET CHARACTER_SET_RESULTS=@OLD_CHARACTER_SET_RESULTS */;
/*!40101 SET COLLATION_CONNECTION=@OLD_COLLATION_CONNECTION */;
